wall_time_ns,elapsed_s,gpu_index,physical_gpu_index,gpu_uuid,gpu_name,utilization_gpu_pct,utilization_mem_pct,memory_used_mb,memory_free_mb,memory_total_mb,memory_used_pct,power_w
1788255195545585903,0.000086,0,2,GPU-cc78c145-d270-f184-90af-1b97451aa32b,NVIDIA A800-SXM4-80GB,6,2,56228.38,25691.62,81920.00,68.6382,131.91
1788255195545585903,0.000086,1,3,GPU-3bffd5d2-3e59-3525-6211-22749909c412,NVIDIA A800-SXM4-80GB,0,0,55579.00,26341.00,81920.00,67.8455,83.03
1788255196070643440,0.525144,0,2,GPU-cc78c145-d270-f184-90af-1b97451aa32b,NVIDIA A800-SXM4-80GB,0,0,56228.38,25691.62,81920.00,68.6382,112.69
1788255196070643440,0.525144,1,3,GPU-3bffd5d2-3e59-3525-6211-22749909c412,NVIDIA A800-SXM4-80GB,9,1,55617.00,26303.00,81920.00,67.8918,112.43
1788255196277260951,0.731761,0,2,GPU-cc78c145-d270-f184-90af-1b97451aa32b,NVIDIA A800-SXM4-80GB,0,0,56228.38,25691.62,81920.00,68.6382,112.69
1788255196277260951,0.731761,1,3,GPU-3bffd5d2-3e59-3525-6211-22749909c412,NVIDIA A800-SXM4-80GB,29,17,55617.00,26303.00,81920.00,67.8918,165.87
1788255196484651007,0.939151,0,2,GPU-cc78c145-d270-f184-90af-1b97451aa32b,NVIDIA A800-SXM4-80GB,0,0,56228.38,25691.62,81920.00,68.6382,112.69
1788255196484651007,0.939151,1,3,GPU-3bffd5d2-3e59-3525-6211-22749909c412,NVIDIA A800-SXM4-80GB,41,24,55617.00,26303.00,81920.00,67.8918,183.25
1788255196691144034,1.145644,0,2,GPU-cc78c145-d270-f184-90af-1b97451aa32b,NVIDIA A800-SXM4-80GB,0,0,56228.38,25691.62,81920.00,68.6382,112.69
1788255196691144034,1.145644,1,3,GPU-3bffd5d2-3e59-3525-6211-22749909c412,NVIDIA A800-SXM4-80GB,40,24,55617.00,26303.00,81920.00,67.8918,171.58
1788255196898778368,1.353278,0,2,GPU-cc78c145-d270-f184-90af-1b97451aa32b,NVIDIA A800-SXM4-80GB,0,0,56228.38,25691.62,81920.00,68.6382,112.69
1788255196898778368,1.353278,1,3,GPU-3bffd5d2-3e59-3525-6211-22749909c412,NVIDIA A800-SXM4-80GB,40,24,55617.00,26303.00,81920.00,67.8918,173.67
1788255197106716950,1.561217,0,2,GPU-cc78c145-d270-f184-90af-1b97451aa32b,NVIDIA A800-SXM4-80GB,0,0,56228.38,25691.62,81920.00,68.6382,112.69
1788255197106716950,1.561217,1,3,GPU-3bffd5d2-3e59-3525-6211-22749909c412,NVIDIA A800-SXM4-80GB,41,24,55617.00,26303.00,81920.00,67.8918,185.67
1788255197320584613,1.775085,0,2,GPU-cc78c145-d270-f184-90af-1b97451aa32b,NVIDIA A800-SXM4-80GB,0,0,56228.38,25691.62,81920.00,68.6382,83.29
1788255197320584613,1.775085,1,3,GPU-3bffd5d2-3e59-3525-6211-22749909c412,NVIDIA A800-SXM4-80GB,40,24,55617.00,26303.00,81920.00,67.8918,176.55
1788255197528336149,1.982836,0,2,GPU-cc78c145-d270-f184-90af-1b97451aa32b,NVIDIA A800-SXM4-80GB,0,0,56228.38,25691.62,81920.00,68.6382,83.29
1788255197528336149,1.982836,1,3,GPU-3bffd5d2-3e59-3525-6211-22749909c412,NVIDIA A800-SXM4-80GB,41,24,55617.00,26303.00,81920.00,67.8918,168.74
1788255197735222654,2.189723,0,2,GPU-cc78c145-d270-f184-90af-1b97451aa32b,NVIDIA A800-SXM4-80GB,0,0,56228.38,25691.62,81920.00,68.6382,83.29
1788255197735222654,2.189723,1,3,GPU-3bffd5d2-3e59-3525-6211-22749909c412,NVIDIA A800-SXM4-80GB,40,24,55617.00,26303.00,81920.00,67.8918,162.59
1788255197942943839,2.397444,0,2,GPU-cc78c145-d270-f184-90af-1b97451aa32b,NVIDIA A800-SXM4-80GB,0,0,56228.38,25691.62,81920.00,68.6382,83.03
1788255197942943839,2.397444,1,3,GPU-3bffd5d2-3e59-3525-6211-22749909c412,NVIDIA A800-SXM4-80GB,34,21,55617.00,26303.00,81920.00,67.8918,166.64
1788255198150825930,2.605326,0,2,GPU-cc78c145-d270-f184-90af-1b97451aa32b,NVIDIA A800-SXM4-80GB,0,0,56228.38,25691.62,81920.00,68.6382,83.29
1788255198150825930,2.605326,1,3,GPU-3bffd5d2-3e59-3525-6211-22749909c412,NVIDIA A800-SXM4-80GB,34,20,55617.00,26303.00,81920.00,67.8918,156.46
1788255198357378449,2.811879,0,2,GPU-cc78c145-d270-f184-90af-1b97451aa32b,NVIDIA A800-SXM4-80GB,0,0,56228.38,25691.62,81920.00,68.6382,83.03
1788255198357378449,2.811879,1,3,GPU-3bffd5d2-3e59-3525-6211-22749909c412,NVIDIA A800-SXM4-80GB,30,18,55617.00,26303.00,81920.00,67.8918,152.86
1788255198564833228,3.019334,0,2,GPU-cc78c145-d270-f184-90af-1b97451aa32b,NVIDIA A800-SXM4-80GB,0,0,56228.38,25691.62,81920.00,68.6382,83.38
1788255198564833228,3.019334,1,3,GPU-3bffd5d2-3e59-3525-6211-22749909c412,NVIDIA A800-SXM4-80GB,29,17,55617.00,26303.00,81920.00,67.8918,157.65
1788255198777455798,3.231957,0,2,GPU-cc78c145-d270-f184-90af-1b97451aa32b,NVIDIA A800-SXM4-80GB,0,0,56228.38,25691.62,81920.00,68.6382,83.38
1788255198777455798,3.231957,1,3,GPU-3bffd5d2-3e59-3525-6211-22749909c412,NVIDIA A800-SXM4-80GB,29,17,55617.00,26303.00,81920.00,67.8918,143.60
1788255198991486094,3.445987,0,2,GPU-cc78c145-d270-f184-90af-1b97451aa32b,NVIDIA A800-SXM4-80GB,0,0,56228.38,25691.62,81920.00,68.6382,83.03
1788255198991486094,3.445987,1,3,GPU-3bffd5d2-3e59-3525-6211-22749909c412,NVIDIA A800-SXM4-80GB,26,15,55617.00,26303.00,81920.00,67.8918,156.46
1788255199199797929,3.654298,0,2,GPU-cc78c145-d270-f184-90af-1b97451aa32b,NVIDIA A800-SXM4-80GB,0,0,56228.38,25691.62,81920.00,68.6382,83.03
1788255199199797929,3.654298,1,3,GPU-3bffd5d2-3e59-3525-6211-22749909c412,NVIDIA A800-SXM4-80GB,26,15,55617.00,26303.00,81920.00,67.8918,158.30
1788255199406518028,3.861018,0,2,GPU-cc78c145-d270-f184-90af-1b97451aa32b,NVIDIA A800-SXM4-80GB,0,0,56228.38,25691.62,81920.00,68.6382,83.29
1788255199406518028,3.861018,1,3,GPU-3bffd5d2-3e59-3525-6211-22749909c412,NVIDIA A800-SXM4-80GB,36,21,55617.00,26303.00,81920.00,67.8918,156.19
1788255199613256341,4.067757,0,2,GPU-cc78c145-d270-f184-90af-1b97451aa32b,NVIDIA A800-SXM4-80GB,0,0,56228.38,25691.62,81920.00,68.6382,83.03
1788255199613256341,4.067757,1,3,GPU-3bffd5d2-3e59-3525-6211-22749909c412,NVIDIA A800-SXM4-80GB,38,21,55617.00,26303.00,81920.00,67.8918,152.59
1788255199820723776,4.275225,0,2,GPU-cc78c145-d270-f184-90af-1b97451aa32b,NVIDIA A800-SXM4-80GB,0,0,56228.38,25691.62,81920.00,68.6382,83.29
1788255199820723776,4.275225,1,3,GPU-3bffd5d2-3e59-3525-6211-22749909c412,NVIDIA A800-SXM4-80GB,35,19,55617.00,26303.00,81920.00,67.8918,151.08
1788255200029455430,4.483956,0,2,GPU-cc78c145-d270-f184-90af-1b97451aa32b,NVIDIA A800-SXM4-80GB,0,0,56228.38,25691.62,81920.00,68.6382,83.03
1788255200029455430,4.483956,1,3,GPU-3bffd5d2-3e59-3525-6211-22749909c412,NVIDIA A800-SXM4-80GB,40,22,55617.00,26303.00,81920.00,67.8918,153.45
1788255200237259239,4.691760,0,2,GPU-cc78c145-d270-f184-90af-1b97451aa32b,NVIDIA A800-SXM4-80GB,0,0,56228.38,25691.62,81920.00,68.6382,83.03
1788255200237259239,4.691760,1,3,GPU-3bffd5d2-3e59-3525-6211-22749909c412,NVIDIA A800-SXM4-80GB,39,21,55617.00,26303.00,81920.00,67.8918,157.65
1788255200443882031,4.898383,0,2,GPU-cc78c145-d270-f184-90af-1b97451aa32b,NVIDIA A800-SXM4-80GB,0,0,56228.38,25691.62,81920.00,68.6382,83.03
1788255200443882031,4.898383,1,3,GPU-3bffd5d2-3e59-3525-6211-22749909c412,NVIDIA A800-SXM4-80GB,44,25,55617.00,26303.00,81920.00,67.8918,172.35
1788255200650500953,5.105001,0,2,GPU-cc78c145-d270-f184-90af-1b97451aa32b,NVIDIA A800-SXM4-80GB,0,0,56228.38,25691.62,81920.00,68.6382,83.03
1788255200650500953,5.105001,1,3,GPU-3bffd5d2-3e59-3525-6211-22749909c412,NVIDIA A800-SXM4-80GB,40,23,55617.00,26303.00,81920.00,67.8918,170.25
1788255200858859046,5.313360,0,2,GPU-cc78c145-d270-f184-90af-1b97451aa32b,NVIDIA A800-SXM4-80GB,0,0,56228.38,25691.62,81920.00,68.6382,83.29
1788255200858859046,5.313360,1,3,GPU-3bffd5d2-3e59-3525-6211-22749909c412,NVIDIA A800-SXM4-80GB,39,23,55617.00,26303.00,81920.00,67.8918,171.49
1788255201069469804,5.523970,0,2,GPU-cc78c145-d270-f184-90af-1b97451aa32b,NVIDIA A800-SXM4-80GB,0,0,56228.38,25691.62,81920.00,68.6382,83.03
1788255201069469804,5.523970,1,3,GPU-3bffd5d2-3e59-3525-6211-22749909c412,NVIDIA A800-SXM4-80GB,37,21,55617.00,26303.00,81920.00,67.8918,156.46
1788255201280290942,5.734792,0,2,GPU-cc78c145-d270-f184-90af-1b97451aa32b,NVIDIA A800-SXM4-80GB,0,0,56228.38,25691.62,81920.00,68.6382,83.03
1788255201280290942,5.734792,1,3,GPU-3bffd5d2-3e59-3525-6211-22749909c412,NVIDIA A800-SXM4-80GB,35,20,55617.00,26303.00,81920.00,67.8918,167.28
1788255201489340948,5.943841,0,2,GPU-cc78c145-d270-f184-90af-1b97451aa32b,NVIDIA A800-SXM4-80GB,0,0,56228.38,25691.62,81920.00,68.6382,83.03
1788255201489340948,5.943841,1,3,GPU-3bffd5d2-3e59-3525-6211-22749909c412,NVIDIA A800-SXM4-80GB,34,20,55617.00,26303.00,81920.00,67.8918,172.67
1788255201704039386,6.158540,0,2,GPU-cc78c145-d270-f184-90af-1b97451aa32b,NVIDIA A800-SXM4-80GB,0,0,56228.38,25691.62,81920.00,68.6382,83.29
1788255201704039386,6.158540,1,3,GPU-3bffd5d2-3e59-3525-6211-22749909c412,NVIDIA A800-SXM4-80GB,33,19,55617.00,26303.00,81920.00,67.8918,178.78
1788255201911303494,6.365804,0,2,GPU-cc78c145-d270-f184-90af-1b97451aa32b,NVIDIA A800-SXM4-80GB,0,0,56228.38,25691.62,81920.00,68.6382,83.29
1788255201911303494,6.365804,1,3,GPU-3bffd5d2-3e59-3525-6211-22749909c412,NVIDIA A800-SXM4-80GB,33,19,55617.00,26303.00,81920.00,67.8918,150.17
1788255202121051072,6.575551,0,2,GPU-cc78c145-d270-f184-90af-1b97451aa32b,NVIDIA A800-SXM4-80GB,0,0,56228.38,25691.62,81920.00,68.6382,83.29
1788255202121051072,6.575551,1,3,GPU-3bffd5d2-3e59-3525-6211-22749909c412,NVIDIA A800-SXM4-80GB,30,18,55617.00,26303.00,81920.00,67.8918,160.39
1788255202329285807,6.783786,0,2,GPU-cc78c145-d270-f184-90af-1b97451aa32b,NVIDIA A800-SXM4-80GB,0,0,56228.38,25691.62,81920.00,68.6382,83.29
1788255202329285807,6.783786,1,3,GPU-3bffd5d2-3e59-3525-6211-22749909c412,NVIDIA A800-SXM4-80GB,32,19,55617.00,26303.00,81920.00,67.8918,143.28
1788255202538625648,6.993126,0,2,GPU-cc78c145-d270-f184-90af-1b97451aa32b,NVIDIA A800-SXM4-80GB,0,0,56228.38,25691.62,81920.00,68.6382,83.29
1788255202538625648,6.993126,1,3,GPU-3bffd5d2-3e59-3525-6211-22749909c412,NVIDIA A800-SXM4-80GB,32,17,55617.00,26303.00,81920.00,67.8918,112.69
1788255202760296646,7.214797,0,2,GPU-cc78c145-d270-f184-90af-1b97451aa32b,NVIDIA A800-SXM4-80GB,0,0,56228.38,25691.62,81920.00,68.6382,83.29
1788255202760296646,7.214797,1,3,GPU-3bffd5d2-3e59-3525-6211-22749909c412,NVIDIA A800-SXM4-80GB,32,17,55617.00,26303.00,81920.00,67.8918,127.71
1788255202966949892,7.421450,0,2,GPU-cc78c145-d270-f184-90af-1b97451aa32b,NVIDIA A800-SXM4-80GB,0,0,56228.38,25691.62,81920.00,68.6382,83.29
1788255202966949892,7.421450,1,3,GPU-3bffd5d2-3e59-3525-6211-22749909c412,NVIDIA A800-SXM4-80GB,44,23,55617.00,26303.00,81920.00,67.8918,160.07
1788255203190196749,7.644697,0,2,GPU-cc78c145-d270-f184-90af-1b97451aa32b,NVIDIA A800-SXM4-80GB,0,0,56228.38,25691.62,81920.00,68.6382,83.03
1788255203190196749,7.644697,1,3,GPU-3bffd5d2-3e59-3525-6211-22749909c412,NVIDIA A800-SXM4-80GB,33,19,55617.00,26303.00,81920.00,67.8918,143.87
1788255203399488306,7.853989,0,2,GPU-cc78c145-d270-f184-90af-1b97451aa32b,NVIDIA A800-SXM4-80GB,0,0,56228.38,25691.62,81920.00,68.6382,83.29
1788255203399488306,7.853989,1,3,GPU-3bffd5d2-3e59-3525-6211-22749909c412,NVIDIA A800-SXM4-80GB,27,15,55617.00,26303.00,81920.00,67.8918,146.14
1788255203606253652,8.060754,0,2,GPU-cc78c145-d270-f184-90af-1b97451aa32b,NVIDIA A800-SXM4-80GB,0,0,57268.38,24651.62,81920.00,69.9077,86.04
1788255203606253652,8.060754,1,3,GPU-3bffd5d2-3e59-3525-6211-22749909c412,NVIDIA A800-SXM4-80GB,27,15,55617.00,26303.00,81920.00,67.8918,101.92
1788255204399010385,8.853511,0,2,GPU-cc78c145-d270-f184-90af-1b97451aa32b,NVIDIA A800-SXM4-80GB,36,9,57342.38,24577.62,81920.00,69.9980,114.64
1788255204399010385,8.853511,1,3,GPU-3bffd5d2-3e59-3525-6211-22749909c412,NVIDIA A800-SXM4-80GB,13,0,56657.00,25263.00,81920.00,69.1614,104.62
1788255205109478162,9.563979,0,2,GPU-cc78c145-d270-f184-90af-1b97451aa32b,NVIDIA A800-SXM4-80GB,0,0,57342.38,24577.62,81920.00,69.9980,113.01
1788255205109478162,9.563979,1,3,GPU-3bffd5d2-3e59-3525-6211-22749909c412,NVIDIA A800-SXM4-80GB,70,57,56657.00,25263.00,81920.00,69.1614,265.92
1788255205316714858,9.771215,0,2,GPU-cc78c145-d270-f184-90af-1b97451aa32b,NVIDIA A800-SXM4-80GB,0,0,57342.38,24577.62,81920.00,69.9980,113.01
1788255205316714858,9.771215,1,3,GPU-3bffd5d2-3e59-3525-6211-22749909c412,NVIDIA A800-SXM4-80GB,74,61,56657.00,25263.00,81920.00,69.1614,261.72
1788255205523508683,9.978009,0,2,GPU-cc78c145-d270-f184-90af-1b97451aa32b,NVIDIA A800-SXM4-80GB,0,0,57342.38,24577.62,81920.00,69.9980,113.01
1788255205523508683,9.978009,1,3,GPU-3bffd5d2-3e59-3525-6211-22749909c412,NVIDIA A800-SXM4-80GB,74,62,56657.00,25263.00,81920.00,69.1614,254.24
1788255205731910395,10.186411,0,2,GPU-cc78c145-d270-f184-90af-1b97451aa32b,NVIDIA A800-SXM4-80GB,0,0,57342.38,24577.62,81920.00,69.9980,113.01
1788255205731910395,10.186411,1,3,GPU-3bffd5d2-3e59-3525-6211-22749909c412,NVIDIA A800-SXM4-80GB,74,61,56657.00,25263.00,81920.00,69.1614,249.46
1788255205943568849,10.398069,0,2,GPU-cc78c145-d270-f184-90af-1b97451aa32b,NVIDIA A800-SXM4-80GB,0,0,57342.38,24577.62,81920.00,69.9980,113.01
1788255205943568849,10.398069,1,3,GPU-3bffd5d2-3e59-3525-6211-22749909c412,NVIDIA A800-SXM4-80GB,71,59,56657.00,25263.00,81920.00,69.1614,277.00
1788255206150576629,10.605078,0,2,GPU-cc78c145-d270-f184-90af-1b97451aa32b,NVIDIA A800-SXM4-80GB,0,0,57342.38,24577.62,81920.00,69.9980,83.29
1788255206150576629,10.605078,1,3,GPU-3bffd5d2-3e59-3525-6211-22749909c412,NVIDIA A800-SXM4-80GB,73,61,56657.00,25263.00,81920.00,69.1614,274.31
1788255206362638905,10.817139,0,2,GPU-cc78c145-d270-f184-90af-1b97451aa32b,NVIDIA A800-SXM4-80GB,0,0,57342.38,24577.62,81920.00,69.9980,83.29
1788255206362638905,10.817139,1,3,GPU-3bffd5d2-3e59-3525-6211-22749909c412,NVIDIA A800-SXM4-80GB,67,56,56657.00,25263.00,81920.00,69.1614,272.80
1788255206569235146,11.023736,0,2,GPU-cc78c145-d270-f184-90af-1b97451aa32b,NVIDIA A800-SXM4-80GB,0,0,57342.38,24577.62,81920.00,69.9980,83.29
1788255206569235146,11.023736,1,3,GPU-3bffd5d2-3e59-3525-6211-22749909c412,NVIDIA A800-SXM4-80GB,61,51,56657.00,25263.00,81920.00,69.1614,203.25
1788255206777505540,11.232006,0,2,GPU-cc78c145-d270-f184-90af-1b97451aa32b,NVIDIA A800-SXM4-80GB,0,0,57342.38,24577.62,81920.00,69.9980,83.29
1788255206777505540,11.232006,1,3,GPU-3bffd5d2-3e59-3525-6211-22749909c412,NVIDIA A800-SXM4-80GB,56,46,56657.00,25263.00,81920.00,69.1614,248.54
1788255206987864030,11.442364,0,2,GPU-cc78c145-d270-f184-90af-1b97451aa32b,NVIDIA A800-SXM4-80GB,0,0,57342.38,24577.62,81920.00,69.9980,83.29
1788255206987864030,11.442364,1,3,GPU-3bffd5d2-3e59-3525-6211-22749909c412,NVIDIA A800-SXM4-80GB,53,44,56657.00,25263.00,81920.00,69.1614,252.74
1788255207194422226,11.648922,0,2,GPU-cc78c145-d270-f184-90af-1b97451aa32b,NVIDIA A800-SXM4-80GB,0,0,57342.38,24577.62,81920.00,69.9980,83.29
1788255207194422226,11.648922,1,3,GPU-3bffd5d2-3e59-3525-6211-22749909c412,NVIDIA A800-SXM4-80GB,53,44,56657.00,25263.00,81920.00,69.1614,179.84
1788255207409549886,11.864050,0,2,GPU-cc78c145-d270-f184-90af-1b97451aa32b,NVIDIA A800-SXM4-80GB,0,0,57342.38,24577.62,81920.00,69.9980,83.29
1788255207409549886,11.864050,1,3,GPU-3bffd5d2-3e59-3525-6211-22749909c412,NVIDIA A800-SXM4-80GB,64,53,56657.00,25263.00,81920.00,69.1614,246.18
1788255207617093713,12.071594,0,2,GPU-cc78c145-d270-f184-90af-1b97451aa32b,NVIDIA A800-SXM4-80GB,0,0,57342.38,24577.62,81920.00,69.9980,83.29
1788255207617093713,12.071594,1,3,GPU-3bffd5d2-3e59-3525-6211-22749909c412,NVIDIA A800-SXM4-80GB,67,56,56657.00,25263.00,81920.00,69.1614,238.06
1788255207823947406,12.278448,0,2,GPU-cc78c145-d270-f184-90af-1b97451aa32b,NVIDIA A800-SXM4-80GB,0,0,57342.38,24577.62,81920.00,69.9980,83.29
1788255207823947406,12.278448,1,3,GPU-3bffd5d2-3e59-3525-6211-22749909c412,NVIDIA A800-SXM4-80GB,64,53,56657.00,25263.00,81920.00,69.1614,218.91
1788255208030930938,12.485431,0,2,GPU-cc78c145-d270-f184-90af-1b97451aa32b,NVIDIA A800-SXM4-80GB,0,0,57342.38,24577.62,81920.00,69.9980,83.29
1788255208030930938,12.485431,1,3,GPU-3bffd5d2-3e59-3525-6211-22749909c412,NVIDIA A800-SXM4-80GB,65,54,56657.00,25263.00,81920.00,69.1614,214.12
1788255208237381217,12.691882,0,2,GPU-cc78c145-d270-f184-90af-1b97451aa32b,NVIDIA A800-SXM4-80GB,0,0,57342.38,24577.62,81920.00,69.9980,83.29
1788255208237381217,12.691882,1,3,GPU-3bffd5d2-3e59-3525-6211-22749909c412,NVIDIA A800-SXM4-80GB,62,51,56657.00,25263.00,81920.00,69.1614,284.48
1788255208446597469,12.901098,0,2,GPU-cc78c145-d270-f184-90af-1b97451aa32b,NVIDIA A800-SXM4-80GB,0,0,57342.38,24577.62,81920.00,69.9980,83.29
1788255208446597469,12.901098,1,3,GPU-3bffd5d2-3e59-3525-6211-22749909c412,NVIDIA A800-SXM4-80GB,73,61,56657.00,25263.00,81920.00,69.1614,273.12
1788255208653018476,13.107519,0,2,GPU-cc78c145-d270-f184-90af-1b97451aa32b,NVIDIA A800-SXM4-80GB,0,0,57342.38,24577.62,81920.00,69.9980,83.29
1788255208653018476,13.107519,1,3,GPU-3bffd5d2-3e59-3525-6211-22749909c412,NVIDIA A800-SXM4-80GB,69,58,56657.00,25263.00,81920.00,69.1614,265.92
1788255208870804904,13.325305,0,2,GPU-cc78c145-d270-f184-90af-1b97451aa32b,NVIDIA A800-SXM4-80GB,0,0,57342.38,24577.62,81920.00,69.9980,83.29
1788255208870804904,13.325305,1,3,GPU-3bffd5d2-3e59-3525-6211-22749909c412,NVIDIA A800-SXM4-80GB,67,56,56657.00,25263.00,81920.00,69.1614,246.44
1788255209077619639,13.532120,0,2,GPU-cc78c145-d270-f184-90af-1b97451aa32b,NVIDIA A800-SXM4-80GB,0,0,57342.38,24577.62,81920.00,69.9980,83.29
1788255209077619639,13.532120,1,3,GPU-3bffd5d2-3e59-3525-6211-22749909c412,NVIDIA A800-SXM4-80GB,64,53,56657.00,25263.00,81920.00,69.1614,258.12
1788255209284081655,13.738582,0,2,GPU-cc78c145-d270-f184-90af-1b97451aa32b,NVIDIA A800-SXM4-80GB,0,0,57342.38,24577.62,81920.00,69.9980,83.29
1788255209284081655,13.738582,1,3,GPU-3bffd5d2-3e59-3525-6211-22749909c412,NVIDIA A800-SXM4-80GB,62,51,56657.00,25263.00,81920.00,69.1614,187.37
1788255209491648872,13.946150,0,2,GPU-cc78c145-d270-f184-90af-1b97451aa32b,NVIDIA A800-SXM4-80GB,0,0,57342.38,24577.62,81920.00,69.9980,83.29
1788255209491648872,13.946150,1,3,GPU-3bffd5d2-3e59-3525-6211-22749909c412,NVIDIA A800-SXM4-80GB,59,49,56657.00,25263.00,81920.00,69.1614,240.16
1788255209713453662,14.167954,0,2,GPU-cc78c145-d270-f184-90af-1b97451aa32b,NVIDIA A800-SXM4-80GB,0,0,57342.38,24577.62,81920.00,69.9980,83.29
1788255209713453662,14.167954,1,3,GPU-3bffd5d2-3e59-3525-6211-22749909c412,NVIDIA A800-SXM4-80GB,58,48,56657.00,25263.00,81920.00,69.1614,243.75
1788255209920080663,14.374581,0,2,GPU-cc78c145-d270-f184-90af-1b97451aa32b,NVIDIA A800-SXM4-80GB,0,0,57412.38,24507.62,81920.00,70.0835,83.29
1788255209920080663,14.374581,1,3,GPU-3bffd5d2-3e59-3525-6211-22749909c412,NVIDIA A800-SXM4-80GB,54,45,56657.00,25263.00,81920.00,69.1614,115.12
1788255210126618408,14.581119,0,2,GPU-cc78c145-d270-f184-90af-1b97451aa32b,NVIDIA A800-SXM4-80GB,39,9,57412.38,24507.62,81920.00,70.0835,83.94
1788255210126618408,14.581119,1,3,GPU-3bffd5d2-3e59-3525-6211-22749909c412,NVIDIA A800-SXM4-80GB,61,49,56657.00,25263.00,81920.00,69.1614,265.92
1788255210333299748,14.787800,0,2,GPU-cc78c145-d270-f184-90af-1b97451aa32b,NVIDIA A800-SXM4-80GB,0,0,57412.38,24507.62,81920.00,70.0835,83.29
1788255210333299748,14.787800,1,3,GPU-3bffd5d2-3e59-3525-6211-22749909c412,NVIDIA A800-SXM4-80GB,75,63,56657.00,25263.00,81920.00,69.1614,270.43
1788255210560481430,15.014982,0,2,GPU-cc78c145-d270-f184-90af-1b97451aa32b,NVIDIA A800-SXM4-80GB,0,0,57412.38,24507.62,81920.00,70.0835,83.29
1788255210560481430,15.014982,1,3,GPU-3bffd5d2-3e59-3525-6211-22749909c412,NVIDIA A800-SXM4-80GB,75,62,56657.00,25263.00,81920.00,69.1614,278.18
1788255210770240641,15.224741,0,2,GPU-cc78c145-d270-f184-90af-1b97451aa32b,NVIDIA A800-SXM4-80GB,0,0,57414.38,24505.62,81920.00,70.0859,85.12
1788255210770240641,15.224741,1,3,GPU-3bffd5d2-3e59-3525-6211-22749909c412,NVIDIA A800-SXM4-80GB,73,61,56657.00,25263.00,81920.00,69.1614,263.23
1788255210976963411,15.431465,0,2,GPU-cc78c145-d270-f184-90af-1b97451aa32b,NVIDIA A800-SXM4-80GB,7,5,57414.38,24505.62,81920.00,70.0859,83.29
1788255210976963411,15.431465,1,3,GPU-3bffd5d2-3e59-3525-6211-22749909c412,NVIDIA A800-SXM4-80GB,72,61,56657.00,25263.00,81920.00,69.1614,241.06
1788255211183609283,15.638110,0,2,GPU-cc78c145-d270-f184-90af-1b97451aa32b,NVIDIA A800-SXM4-80GB,0,0,57414.38,24505.62,81920.00,70.0859,83.29
1788255211183609283,15.638110,1,3,GPU-3bffd5d2-3e59-3525-6211-22749909c412,NVIDIA A800-SXM4-80GB,65,54,56657.00,25263.00,81920.00,69.1614,211.70
1788255211393310622,15.847811,0,2,GPU-cc78c145-d270-f184-90af-1b97451aa32b,NVIDIA A800-SXM4-80GB,7,5,57414.38,24505.62,81920.00,70.0859,84.53
1788255211393310622,15.847811,1,3,GPU-3bffd5d2-3e59-3525-6211-22749909c412,NVIDIA A800-SXM4-80GB,57,47,56657.00,25263.00,81920.00,69.1614,236.28
1788255211599935831,16.054436,0,2,GPU-cc78c145-d270-f184-90af-1b97451aa32b,NVIDIA A800-SXM4-80GB,0,0,57414.38,24505.62,81920.00,70.0859,83.29
1788255211599935831,16.054436,1,3,GPU-3bffd5d2-3e59-3525-6211-22749909c412,NVIDIA A800-SXM4-80GB,60,50,56657.00,25263.00,81920.00,69.1614,250.37
1788255211806676274,16.261177,0,2,GPU-cc78c145-d270-f184-90af-1b97451aa32b,NVIDIA A800-SXM4-80GB,6,4,57414.38,24505.62,81920.00,70.0859,84.21
1788255211806676274,16.261177,1,3,GPU-3bffd5d2-3e59-3525-6211-22749909c412,NVIDIA A800-SXM4-80GB,57,47,56657.00,25263.00,81920.00,69.1614,269.19
1788255212013080240,16.467581,0,2,GPU-cc78c145-d270-f184-90af-1b97451aa32b,NVIDIA A800-SXM4-80GB,0,0,57414.38,24505.62,81920.00,70.0859,83.62
1788255212013080240,16.467581,1,3,GPU-3bffd5d2-3e59-3525-6211-22749909c412,NVIDIA A800-SXM4-80GB,49,40,56657.00,25263.00,81920.00,69.1614,207.24
1788255212231068870,16.685570,0,2,GPU-cc78c145-d270-f184-90af-1b97451aa32b,NVIDIA A800-SXM4-80GB,0,0,57414.38,24505.62,81920.00,70.0859,83.29
1788255212231068870,16.685570,1,3,GPU-3bffd5d2-3e59-3525-6211-22749909c412,NVIDIA A800-SXM4-80GB,58,48,56657.00,25263.00,81920.00,69.1614,208.10
1788255212455947137,16.910448,0,2,GPU-cc78c145-d270-f184-90af-1b97451aa32b,NVIDIA A800-SXM4-80GB,6,4,57414.38,24505.62,81920.00,70.0859,83.62
1788255212455947137,16.910448,1,3,GPU-3bffd5d2-3e59-3525-6211-22749909c412,NVIDIA A800-SXM4-80GB,53,44,56657.00,25263.00,81920.00,69.1614,239.56
1788255212677138627,17.131639,0,2,GPU-cc78c145-d270-f184-90af-1b97451aa32b,NVIDIA A800-SXM4-80GB,0,0,57414.38,24505.62,81920.00,70.0859,83.62
1788255212677138627,17.131639,1,3,GPU-3bffd5d2-3e59-3525-6211-22749909c412,NVIDIA A800-SXM4-80GB,58,48,56657.00,25263.00,81920.00,69.1614,218.59
1788255212883899681,17.338400,0,2,GPU-cc78c145-d270-f184-90af-1b97451aa32b,NVIDIA A800-SXM4-80GB,0,0,57414.38,24505.62,81920.00,70.0859,88.73
1788255212883899681,17.338400,1,3,GPU-3bffd5d2-3e59-3525-6211-22749909c412,NVIDIA A800-SXM4-80GB,57,48,56657.00,25263.00,81920.00,69.1614,237.20
1788255213092436115,17.546937,0,2,GPU-cc78c145-d270-f184-90af-1b97451aa32b,NVIDIA A800-SXM4-80GB,7,5,57414.38,24505.62,81920.00,70.0859,83.29
1788255213092436115,17.546937,1,3,GPU-3bffd5d2-3e59-3525-6211-22749909c412,NVIDIA A800-SXM4-80GB,56,47,56657.00,25263.00,81920.00,69.1614,253.66
1788255213299230448,17.753731,0,2,GPU-cc78c145-d270-f184-90af-1b97451aa32b,NVIDIA A800-SXM4-80GB,0,0,57414.38,24505.62,81920.00,70.0859,83.62
1788255213299230448,17.753731,1,3,GPU-3bffd5d2-3e59-3525-6211-22749909c412,NVIDIA A800-SXM4-80GB,67,55,56657.00,25263.00,81920.00,69.1614,195.57
1788255213529760077,17.984261,0,2,GPU-cc78c145-d270-f184-90af-1b97451aa32b,NVIDIA A800-SXM4-80GB,0,0,57414.38,24505.62,81920.00,70.0859,83.29
1788255213529760077,17.984261,1,3,GPU-3bffd5d2-3e59-3525-6211-22749909c412,NVIDIA A800-SXM4-80GB,54,44,56657.00,25263.00,81920.00,69.1614,250.37
1788255213755743412,18.210244,0,2,GPU-cc78c145-d270-f184-90af-1b97451aa32b,NVIDIA A800-SXM4-80GB,0,0,57414.38,24505.62,81920.00,70.0859,83.62
1788255213755743412,18.210244,1,3,GPU-3bffd5d2-3e59-3525-6211-22749909c412,NVIDIA A800-SXM4-80GB,51,42,56657.00,25263.00,81920.00,69.1614,217.99
1788255213992028079,18.446529,0,2,GPU-cc78c145-d270-f184-90af-1b97451aa32b,NVIDIA A800-SXM4-80GB,7,4,57414.38,24505.62,81920.00,70.0859,83.62
1788255213992028079,18.446529,1,3,GPU-3bffd5d2-3e59-3525-6211-22749909c412,NVIDIA A800-SXM4-80GB,46,38,56657.00,25263.00,81920.00,69.1614,233.59
1788255214199163480,18.653664,0,2,GPU-cc78c145-d270-f184-90af-1b97451aa32b,NVIDIA A800-SXM4-80GB,0,0,57414.38,24505.62,81920.00,70.0859,83.29
1788255214199163480,18.653664,1,3,GPU-3bffd5d2-3e59-3525-6211-22749909c412,NVIDIA A800-SXM4-80GB,47,38,56657.00,25263.00,81920.00,69.1614,257.53
1788255214424966365,18.879467,0,2,GPU-cc78c145-d270-f184-90af-1b97451aa32b,NVIDIA A800-SXM4-80GB,0,0,57414.38,24505.62,81920.00,70.0859,83.29
1788255214424966365,18.879467,1,3,GPU-3bffd5d2-3e59-3525-6211-22749909c412,NVIDIA A800-SXM4-80GB,50,41,56657.00,25263.00,81920.00,69.1614,177.73
1788255214634464269,19.088965,0,2,GPU-cc78c145-d270-f184-90af-1b97451aa32b,NVIDIA A800-SXM4-80GB,0,0,57414.38,24505.62,81920.00,70.0859,83.29
1788255214634464269,19.088965,1,3,GPU-3bffd5d2-3e59-3525-6211-22749909c412,NVIDIA A800-SXM4-80GB,43,36,56657.00,25263.00,81920.00,69.1614,228.13
1788255214842358959,19.296860,0,2,GPU-cc78c145-d270-f184-90af-1b97451aa32b,NVIDIA A800-SXM4-80GB,6,4,57414.38,24505.62,81920.00,70.0859,101.33
1788255214842358959,19.296860,1,3,GPU-3bffd5d2-3e59-3525-6211-22749909c412,NVIDIA A800-SXM4-80GB,47,38,56657.00,25263.00,81920.00,69.1614,240.74
1788255215101877321,19.556378,0,2,GPU-cc78c145-d270-f184-90af-1b97451aa32b,NVIDIA A800-SXM4-80GB,6,4,57414.38,24505.62,81920.00,70.0859,83.29
1788255215101877321,19.556378,1,3,GPU-3bffd5d2-3e59-3525-6211-22749909c412,NVIDIA A800-SXM4-80GB,43,34,56657.00,25263.00,81920.00,69.1614,171.90
1788255215323541884,19.778043,0,2,GPU-cc78c145-d270-f184-90af-1b97451aa32b,NVIDIA A800-SXM4-80GB,0,0,57414.38,24505.62,81920.00,70.0859,83.38
1788255215323541884,19.778043,1,3,GPU-3bffd5d2-3e59-3525-6211-22749909c412,NVIDIA A800-SXM4-80GB,43,34,56657.00,25263.00,81920.00,69.1614,167.88
1788255215534611594,19.989112,0,2,GPU-cc78c145-d270-f184-90af-1b97451aa32b,NVIDIA A800-SXM4-80GB,0,0,57414.38,24505.62,81920.00,70.0859,83.29
1788255215534611594,19.989112,1,3,GPU-3bffd5d2-3e59-3525-6211-22749909c412,NVIDIA A800-SXM4-80GB,40,32,56657.00,25263.00,81920.00,69.1614,264.14
1788255215749744234,20.204245,0,2,GPU-cc78c145-d270-f184-90af-1b97451aa32b,NVIDIA A800-SXM4-80GB,16,5,57414.38,24505.62,81920.00,70.0859,83.94
1788255215749744234,20.204245,1,3,GPU-3bffd5d2-3e59-3525-6211-22749909c412,NVIDIA A800-SXM4-80GB,66,52,56657.00,25263.00,81920.00,69.1614,161.58
1788255216015920478,20.470421,0,2,GPU-cc78c145-d270-f184-90af-1b97451aa32b,NVIDIA A800-SXM4-80GB,0,0,57414.38,24505.62,81920.00,70.0859,83.62
1788255216015920478,20.470421,1,3,GPU-3bffd5d2-3e59-3525-6211-22749909c412,NVIDIA A800-SXM4-80GB,31,25,56657.00,25263.00,81920.00,69.1614,142.68
1788255216244484820,20.698985,0,2,GPU-cc78c145-d270-f184-90af-1b97451aa32b,NVIDIA A800-SXM4-80GB,0,0,57414.38,24505.62,81920.00,70.0859,83.62
1788255216244484820,20.698985,1,3,GPU-3bffd5d2-3e59-3525-6211-22749909c412,NVIDIA A800-SXM4-80GB,39,31,56657.00,25263.00,81920.00,69.1614,171.16
1788255216451048683,20.905550,0,2,GPU-cc78c145-d270-f184-90af-1b97451aa32b,NVIDIA A800-SXM4-80GB,7,5,57414.38,24505.62,81920.00,70.0859,83.62
1788255216451048683,20.905550,1,3,GPU-3bffd5d2-3e59-3525-6211-22749909c412,NVIDIA A800-SXM4-80GB,35,28,56657.00,25263.00,81920.00,69.1614,134.02
1788255216672927227,21.127428,0,2,GPU-cc78c145-d270-f184-90af-1b97451aa32b,NVIDIA A800-SXM4-80GB,7,5,57414.38,24505.62,81920.00,70.0859,83.62
1788255216672927227,21.127428,1,3,GPU-3bffd5d2-3e59-3525-6211-22749909c412,NVIDIA A800-SXM4-80GB,44,35,56657.00,25263.00,81920.00,69.1614,238.65
1788255216920622004,21.375122,0,2,GPU-cc78c145-d270-f184-90af-1b97451aa32b,NVIDIA A800-SXM4-80GB,6,4,57414.38,24505.62,81920.00,70.0859,83.62
1788255216920622004,21.375122,1,3,GPU-3bffd5d2-3e59-3525-6211-22749909c412,NVIDIA A800-SXM4-80GB,25,19,56657.00,25263.00,81920.00,69.1614,183.17
1788255217130003727,21.584504,0,2,GPU-cc78c145-d270-f184-90af-1b97451aa32b,NVIDIA A800-SXM4-80GB,11,5,57414.38,24505.62,81920.00,70.0859,83.70
1788255217130003727,21.584504,1,3,GPU-3bffd5d2-3e59-3525-6211-22749909c412,NVIDIA A800-SXM4-80GB,38,30,56657.00,25263.00,81920.00,69.1614,184.95
1788255217392268557,21.846769,0,2,GPU-cc78c145-d270-f184-90af-1b97451aa32b,NVIDIA A800-SXM4-80GB,0,0,57414.38,24505.62,81920.00,70.0859,83.62
1788255217392268557,21.846769,1,3,GPU-3bffd5d2-3e59-3525-6211-22749909c412,NVIDIA A800-SXM4-80GB,31,25,56657.00,25263.00,81920.00,69.1614,151.08
1788255217605450704,22.059951,0,2,GPU-cc78c145-d270-f184-90af-1b97451aa32b,NVIDIA A800-SXM4-80GB,6,4,57414.38,24505.62,81920.00,70.0859,83.62
1788255217605450704,22.059951,1,3,GPU-3bffd5d2-3e59-3525-6211-22749909c412,NVIDIA A800-SXM4-80GB,55,43,56657.00,25263.00,81920.00,69.1614,247.96
1788255217811900837,22.266401,0,2,GPU-cc78c145-d270-f184-90af-1b97451aa32b,NVIDIA A800-SXM4-80GB,0,0,57414.38,24505.62,81920.00,70.0859,84.21
1788255217811900837,22.266401,1,3,GPU-3bffd5d2-3e59-3525-6211-22749909c412,NVIDIA A800-SXM4-80GB,48,37,56657.00,25263.00,81920.00,69.1614,232.09
1788255218044951025,22.499451,0,2,GPU-cc78c145-d270-f184-90af-1b97451aa32b,NVIDIA A800-SXM4-80GB,0,0,57414.38,24505.62,81920.00,70.0859,83.62
1788255218044951025,22.499451,1,3,GPU-3bffd5d2-3e59-3525-6211-22749909c412,NVIDIA A800-SXM4-80GB,33,26,56657.00,25263.00,81920.00,69.1614,219.50
1788255218270609223,22.725110,0,2,GPU-cc78c145-d270-f184-90af-1b97451aa32b,NVIDIA A800-SXM4-80GB,6,4,57414.38,24505.62,81920.00,70.0859,83.29
1788255218270609223,22.725110,1,3,GPU-3bffd5d2-3e59-3525-6211-22749909c412,NVIDIA A800-SXM4-80GB,29,23,56657.00,25263.00,81920.00,69.1614,206.65
1788255218499064775,22.953565,0,2,GPU-cc78c145-d270-f184-90af-1b97451aa32b,NVIDIA A800-SXM4-80GB,12,9,57414.38,24505.62,81920.00,70.0859,83.62
1788255218499064775,22.953565,1,3,GPU-3bffd5d2-3e59-3525-6211-22749909c412,NVIDIA A800-SXM4-80GB,35,27,56657.00,25263.00,81920.00,69.1614,135.20
1788255218736477605,23.190978,0,2,GPU-cc78c145-d270-f184-90af-1b97451aa32b,NVIDIA A800-SXM4-80GB,0,0,57414.38,24505.62,81920.00,70.0859,83.62
1788255218736477605,23.190978,1,3,GPU-3bffd5d2-3e59-3525-6211-22749909c412,NVIDIA A800-SXM4-80GB,29,23,56657.00,25263.00,81920.00,69.1614,172.17
1788255218944572692,23.399073,0,2,GPU-cc78c145-d270-f184-90af-1b97451aa32b,NVIDIA A800-SXM4-80GB,6,4,57414.38,24505.62,81920.00,70.0859,83.62
1788255218944572692,23.399073,1,3,GPU-3bffd5d2-3e59-3525-6211-22749909c412,NVIDIA A800-SXM4-80GB,35,27,56657.00,25263.00,81920.00,69.1614,160.99
1788255219151067700,23.605568,0,2,GPU-cc78c145-d270-f184-90af-1b97451aa32b,NVIDIA A800-SXM4-80GB,0,0,57414.38,24505.62,81920.00,70.0859,83.62
1788255219151067700,23.605568,1,3,GPU-3bffd5d2-3e59-3525-6211-22749909c412,NVIDIA A800-SXM4-80GB,29,23,56657.00,25263.00,81920.00,69.1614,193.47
1788255219382466733,23.836968,0,2,GPU-cc78c145-d270-f184-90af-1b97451aa32b,NVIDIA A800-SXM4-80GB,7,5,57416.38,24503.62,81920.00,70.0883,83.62
1788255219382466733,23.836968,1,3,GPU-3bffd5d2-3e59-3525-6211-22749909c412,NVIDIA A800-SXM4-80GB,34,26,56657.00,25263.00,81920.00,69.1614,240.16
1788255219596419205,24.050920,0,2,GPU-cc78c145-d270-f184-90af-1b97451aa32b,NVIDIA A800-SXM4-80GB,0,0,57416.38,24503.62,81920.00,70.0883,83.70
1788255219596419205,24.050920,1,3,GPU-3bffd5d2-3e59-3525-6211-22749909c412,NVIDIA A800-SXM4-80GB,49,38,56657.00,25263.00,81920.00,69.1614,241.39
1788255219803266974,24.257768,0,2,GPU-cc78c145-d270-f184-90af-1b97451aa32b,NVIDIA A800-SXM4-80GB,0,0,57416.38,24503.62,81920.00,70.0883,83.62
1788255219803266974,24.257768,1,3,GPU-3bffd5d2-3e59-3525-6211-22749909c412,NVIDIA A800-SXM4-80GB,36,27,56657.00,25263.00,81920.00,69.1614,134.02
1788255220026045080,24.480546,0,2,GPU-cc78c145-d270-f184-90af-1b97451aa32b,NVIDIA A800-SXM4-80GB,0,0,57416.38,24503.62,81920.00,70.0883,83.62
1788255220026045080,24.480546,1,3,GPU-3bffd5d2-3e59-3525-6211-22749909c412,NVIDIA A800-SXM4-80GB,35,27,56657.00,25263.00,81920.00,69.1614,165.46
1788255220241419896,24.695920,0,2,GPU-cc78c145-d270-f184-90af-1b97451aa32b,NVIDIA A800-SXM4-80GB,0,0,57416.38,24503.62,81920.00,70.0883,83.62
1788255220241419896,24.695920,1,3,GPU-3bffd5d2-3e59-3525-6211-22749909c412,NVIDIA A800-SXM4-80GB,27,21,56657.00,25263.00,81920.00,69.1614,127.71
1788255220450143430,24.904644,0,2,GPU-cc78c145-d270-f184-90af-1b97451aa32b,NVIDIA A800-SXM4-80GB,6,4,57416.38,24503.62,81920.00,70.0883,85.72
1788255220450143430,24.904644,1,3,GPU-3bffd5d2-3e59-3525-6211-22749909c412,NVIDIA A800-SXM4-80GB,32,25,56657.00,25263.00,81920.00,69.1614,118.72
1788255220657170156,25.111672,0,2,GPU-cc78c145-d270-f184-90af-1b97451aa32b,NVIDIA A800-SXM4-80GB,0,0,57416.38,24503.62,81920.00,70.0883,83.62
1788255220657170156,25.111672,1,3,GPU-3bffd5d2-3e59-3525-6211-22749909c412,NVIDIA A800-SXM4-80GB,25,19,56657.00,25263.00,81920.00,69.1614,132.78
1788255220864108211,25.318609,0,2,GPU-cc78c145-d270-f184-90af-1b97451aa32b,NVIDIA A800-SXM4-80GB,12,9,57416.38,24503.62,81920.00,70.0883,101.92
1788255220864108211,25.318609,1,3,GPU-3bffd5d2-3e59-3525-6211-22749909c412,NVIDIA A800-SXM4-80GB,34,27,56657.00,25263.00,81920.00,69.1614,116.89
1788255221071019554,25.525520,0,2,GPU-cc78c145-d270-f184-90af-1b97451aa32b,NVIDIA A800-SXM4-80GB,0,0,57416.38,24503.62,81920.00,70.0883,83.62
1788255221071019554,25.525520,1,3,GPU-3bffd5d2-3e59-3525-6211-22749909c412,NVIDIA A800-SXM4-80GB,38,29,56657.00,25263.00,81920.00,69.1614,226.98
1788255221475805169,25.930306,0,2,GPU-cc78c145-d270-f184-90af-1b97451aa32b,NVIDIA A800-SXM4-80GB,0,0,57416.38,24503.62,81920.00,70.0883,83.62
1788255221475805169,25.930306,1,3,GPU-3bffd5d2-3e59-3525-6211-22749909c412,NVIDIA A800-SXM4-80GB,33,26,56657.00,25263.00,81920.00,69.1614,136.38
1788255221792818941,26.247319,0,2,GPU-cc78c145-d270-f184-90af-1b97451aa32b,NVIDIA A800-SXM4-80GB,7,5,57416.38,24503.62,81920.00,70.0883,83.94
1788255221792818941,26.247319,1,3,GPU-3bffd5d2-3e59-3525-6211-22749909c412,NVIDIA A800-SXM4-80GB,31,23,56657.00,25263.00,81920.00,69.1614,103.43
1788255222001513297,26.456014,0,2,GPU-cc78c145-d270-f184-90af-1b97451aa32b,NVIDIA A800-SXM4-80GB,7,5,57416.38,24503.62,81920.00,70.0883,83.62
1788255222001513297,26.456014,1,3,GPU-3bffd5d2-3e59-3525-6211-22749909c412,NVIDIA A800-SXM4-80GB,51,38,56657.00,25263.00,81920.00,69.1614,190.14
1788255222208405139,26.662906,0,2,GPU-cc78c145-d270-f184-90af-1b97451aa32b,NVIDIA A800-SXM4-80GB,0,0,57416.38,24503.62,81920.00,70.0883,83.70
1788255222208405139,26.662906,1,3,GPU-3bffd5d2-3e59-3525-6211-22749909c412,NVIDIA A800-SXM4-80GB,28,22,56657.00,25263.00,81920.00,69.1614,114.52
1788255222535179338,26.989680,0,2,GPU-cc78c145-d270-f184-90af-1b97451aa32b,NVIDIA A800-SXM4-80GB,0,0,57416.38,24503.62,81920.00,70.0883,83.62
1788255222535179338,26.989680,1,3,GPU-3bffd5d2-3e59-3525-6211-22749909c412,NVIDIA A800-SXM4-80GB,25,19,56657.00,25263.00,81920.00,69.1614,180.29
1788255222751593278,27.206094,0,2,GPU-cc78c145-d270-f184-90af-1b97451aa32b,NVIDIA A800-SXM4-80GB,0,0,57416.38,24503.62,81920.00,70.0883,83.62
1788255222751593278,27.206094,1,3,GPU-3bffd5d2-3e59-3525-6211-22749909c412,NVIDIA A800-SXM4-80GB,35,27,56657.00,25263.00,81920.00,69.1614,160.66
1788255223066227864,27.520729,0,2,GPU-cc78c145-d270-f184-90af-1b97451aa32b,NVIDIA A800-SXM4-80GB,0,0,57416.38,24503.62,81920.00,70.0883,83.62
1788255223066227864,27.520729,1,3,GPU-3bffd5d2-3e59-3525-6211-22749909c412,NVIDIA A800-SXM4-80GB,24,18,56657.00,25263.00,81920.00,69.1614,143.28
1788255223452564917,27.907066,0,2,GPU-cc78c145-d270-f184-90af-1b97451aa32b,NVIDIA A800-SXM4-80GB,0,0,57416.38,24503.62,81920.00,70.0883,83.70
1788255223452564917,27.907066,1,3,GPU-3bffd5d2-3e59-3525-6211-22749909c412,NVIDIA A800-SXM4-80GB,7,6,56657.00,25263.00,81920.00,69.1614,113.01
1788255224029870228,28.484371,0,2,GPU-cc78c145-d270-f184-90af-1b97451aa32b,NVIDIA A800-SXM4-80GB,0,0,57416.38,24503.62,81920.00,70.0883,86.63
1788255224029870228,28.484371,1,3,GPU-3bffd5d2-3e59-3525-6211-22749909c412,NVIDIA A800-SXM4-80GB,6,5,56657.00,25263.00,81920.00,69.1614,84.80
1788255224361516455,28.816017,0,2,GPU-cc78c145-d270-f184-90af-1b97451aa32b,NVIDIA A800-SXM4-80GB,54,7,57416.38,24503.62,81920.00,70.0883,114.52
1788255224361516455,28.816017,1,3,GPU-3bffd5d2-3e59-3525-6211-22749909c412,NVIDIA A800-SXM4-80GB,10,7,56657.00,25263.00,81920.00,69.1614,112.10
1788255224875581219,29.330082,0,2,GPU-cc78c145-d270-f184-90af-1b97451aa32b,NVIDIA A800-SXM4-80GB,3,2,57416.38,24503.62,81920.00,70.0883,113.60
1788255224875581219,29.330082,1,3,GPU-3bffd5d2-3e59-3525-6211-22749909c412,NVIDIA A800-SXM4-80GB,38,28,56657.00,25263.00,81920.00,69.1614,163.35
1788255225911137569,30.365638,0,2,GPU-cc78c145-d270-f184-90af-1b97451aa32b,NVIDIA A800-SXM4-80GB,55,7,57416.38,24503.62,81920.00,70.0883,117.48
1788255225911137569,30.365638,1,3,GPU-3bffd5d2-3e59-3525-6211-22749909c412,NVIDIA A800-SXM4-80GB,6,5,56657.00,25263.00,81920.00,69.1614,84.53
1788255226306026573,30.760527,0,2,GPU-cc78c145-d270-f184-90af-1b97451aa32b,NVIDIA A800-SXM4-80GB,88,6,57416.38,24503.62,81920.00,70.0883,117.81
1788255226306026573,30.760527,1,3,GPU-3bffd5d2-3e59-3525-6211-22749909c412,NVIDIA A800-SXM4-80GB,13,9,56657.00,25263.00,81920.00,69.1614,84.53
1788255226963085505,31.417586,0,2,GPU-cc78c145-d270-f184-90af-1b97451aa32b,NVIDIA A800-SXM4-80GB,47,21,57416.38,24503.62,81920.00,70.0883,113.88
1788255226963085505,31.417586,1,3,GPU-3bffd5d2-3e59-3525-6211-22749909c412,NVIDIA A800-SXM4-80GB,9,0,56657.00,25263.00,81920.00,69.1614,86.90
1788255227330049000,31.784550,0,2,GPU-cc78c145-d270-f184-90af-1b97451aa32b,NVIDIA A800-SXM4-80GB,38,19,57416.38,24503.62,81920.00,70.0883,116.62
1788255227330049000,31.784550,1,3,GPU-3bffd5d2-3e59-3525-6211-22749909c412,NVIDIA A800-SXM4-80GB,80,10,56657.00,25263.00,81920.00,69.1614,122.86
1788255227947165579,32.401666,0,2,GPU-cc78c145-d270-f184-90af-1b97451aa32b,NVIDIA A800-SXM4-80GB,57,11,57416.38,24503.62,81920.00,70.0883,114.52
1788255227947165579,32.401666,1,3,GPU-3bffd5d2-3e59-3525-6211-22749909c412,NVIDIA A800-SXM4-80GB,100,9,56657.00,25263.00,81920.00,69.1614,116.89
1788255229167931524,33.622432,0,2,GPU-cc78c145-d270-f184-90af-1b97451aa32b,NVIDIA A800-SXM4-80GB,19,0,57416.38,24503.62,81920.00,70.0883,117.81
1788255229167931524,33.622432,1,3,GPU-3bffd5d2-3e59-3525-6211-22749909c412,NVIDIA A800-SXM4-80GB,25,19,56659.00,25261.00,81920.00,69.1638,112.43
1788255229619272214,34.073773,0,2,GPU-cc78c145-d270-f184-90af-1b97451aa32b,NVIDIA A800-SXM4-80GB,37,11,57416.38,24503.62,81920.00,70.0883,114.52
1788255229619272214,34.073773,1,3,GPU-3bffd5d2-3e59-3525-6211-22749909c412,NVIDIA A800-SXM4-80GB,13,9,56659.00,25261.00,81920.00,69.1638,126.47
1788255230510669835,34.965171,0,2,GPU-cc78c145-d270-f184-90af-1b97451aa32b,NVIDIA A800-SXM4-80GB,31,1,57416.38,24503.62,81920.00,70.0883,114.79
1788255230510669835,34.965171,1,3,GPU-3bffd5d2-3e59-3525-6211-22749909c412,NVIDIA A800-SXM4-80GB,10,6,56659.00,25261.00,81920.00,69.1638,84.53
1788255230895926059,35.350427,0,2,GPU-cc78c145-d270-f184-90af-1b97451aa32b,NVIDIA A800-SXM4-80GB,86,9,57416.38,24503.62,81920.00,70.0883,127.20
1788255230895926059,35.350427,1,3,GPU-3bffd5d2-3e59-3525-6211-22749909c412,NVIDIA A800-SXM4-80GB,14,9,56659.00,25261.00,81920.00,69.1638,158.30
1788255231586415638,36.040916,0,2,GPU-cc78c145-d270-f184-90af-1b97451aa32b,NVIDIA A800-SXM4-80GB,72,26,57416.38,24503.62,81920.00,70.0883,112.69
1788255231586415638,36.040916,1,3,GPU-3bffd5d2-3e59-3525-6211-22749909c412,NVIDIA A800-SXM4-80GB,7,5,56659.00,25261.00,81920.00,69.1638,84.53
1788255232000031936,36.454532,0,2,GPU-cc78c145-d270-f184-90af-1b97451aa32b,NVIDIA A800-SXM4-80GB,71,10,57416.38,24503.62,81920.00,70.0883,195.12
1788255232000031936,36.454532,1,3,GPU-3bffd5d2-3e59-3525-6211-22749909c412,NVIDIA A800-SXM4-80GB,8,5,56659.00,25261.00,81920.00,69.1638,89.60
1788255232548606062,37.003107,0,2,GPU-cc78c145-d270-f184-90af-1b97451aa32b,NVIDIA A800-SXM4-80GB,0,0,57416.38,24503.62,81920.00,70.0883,112.10
1788255232548606062,37.003107,1,3,GPU-3bffd5d2-3e59-3525-6211-22749909c412,NVIDIA A800-SXM4-80GB,21,14,56659.00,25261.00,81920.00,69.1638,138.80
1788255232945841095,37.400342,0,2,GPU-cc78c145-d270-f184-90af-1b97451aa32b,NVIDIA A800-SXM4-80GB,0,0,57416.38,24503.62,81920.00,70.0883,111.78
1788255232945841095,37.400342,1,3,GPU-3bffd5d2-3e59-3525-6211-22749909c412,NVIDIA A800-SXM4-80GB,32,8,56659.00,25261.00,81920.00,69.1638,87.22
1788255233314699734,37.769201,0,2,GPU-cc78c145-d270-f184-90af-1b97451aa32b,NVIDIA A800-SXM4-80GB,3,2,57416.38,24503.62,81920.00,70.0883,112.10
1788255233314699734,37.769201,1,3,GPU-3bffd5d2-3e59-3525-6211-22749909c412,NVIDIA A800-SXM4-80GB,87,3,56659.00,25261.00,81920.00,69.1638,115.97
1788255233646312485,38.100813,0,2,GPU-cc78c145-d270-f184-90af-1b97451aa32b,NVIDIA A800-SXM4-80GB,11,4,57416.38,24503.62,81920.00,70.0883,112.10
1788255233646312485,38.100813,1,3,GPU-3bffd5d2-3e59-3525-6211-22749909c412,NVIDIA A800-SXM4-80GB,98,8,56661.00,25259.00,81920.00,69.1663,116.30
1788255233853020586,38.307521,0,2,GPU-cc78c145-d270-f184-90af-1b97451aa32b,NVIDIA A800-SXM4-80GB,0,0,57416.38,24503.62,81920.00,70.0883,84.30
1788255233853020586,38.307521,1,3,GPU-3bffd5d2-3e59-3525-6211-22749909c412,NVIDIA A800-SXM4-80GB,71,3,56661.00,25259.00,81920.00,69.1663,114.79
1788255234609151875,39.063653,0,2,GPU-cc78c145-d270-f184-90af-1b97451aa32b,NVIDIA A800-SXM4-80GB,86,22,57416.38,24503.62,81920.00,70.0883,110.32
1788255234609151875,39.063653,1,3,GPU-3bffd5d2-3e59-3525-6211-22749909c412,NVIDIA A800-SXM4-80GB,6,3,56661.00,25259.00,81920.00,69.1663,170.40
1788255234853852441,39.308353,0,2,GPU-cc78c145-d270-f184-90af-1b97451aa32b,NVIDIA A800-SXM4-80GB,1,0,57416.38,24503.62,81920.00,70.0883,112.10
1788255234853852441,39.308353,1,3,GPU-3bffd5d2-3e59-3525-6211-22749909c412,NVIDIA A800-SXM4-80GB,29,16,56661.00,25259.00,81920.00,69.1663,175.36
1788255235101714776,39.556215,0,2,GPU-cc78c145-d270-f184-90af-1b97451aa32b,NVIDIA A800-SXM4-80GB,0,0,57416.38,24503.62,81920.00,70.0883,112.10
1788255235101714776,39.556215,1,3,GPU-3bffd5d2-3e59-3525-6211-22749909c412,NVIDIA A800-SXM4-80GB,28,16,56661.00,25259.00,81920.00,69.1663,139.67
1788255235637487563,40.091988,0,2,GPU-cc78c145-d270-f184-90af-1b97451aa32b,NVIDIA A800-SXM4-80GB,73,7,57416.38,24503.62,81920.00,70.0883,116.30
1788255235637487563,40.091988,1,3,GPU-3bffd5d2-3e59-3525-6211-22749909c412,NVIDIA A800-SXM4-80GB,4,2,56661.00,25259.00,81920.00,69.1663,112.43
1788255236320856692,40.775357,0,2,GPU-cc78c145-d270-f184-90af-1b97451aa32b,NVIDIA A800-SXM4-80GB,11,9,57416.38,24503.62,81920.00,70.0883,113.88
1788255236320856692,40.775357,1,3,GPU-3bffd5d2-3e59-3525-6211-22749909c412,NVIDIA A800-SXM4-80GB,42,16,56675.00,25245.00,81920.00,69.1833,101.33
1788255236946979420,41.401481,0,2,GPU-cc78c145-d270-f184-90af-1b97451aa32b,NVIDIA A800-SXM4-80GB,6,4,57416.38,24503.62,81920.00,70.0883,112.10
1788255236946979420,41.401481,1,3,GPU-3bffd5d2-3e59-3525-6211-22749909c412,NVIDIA A800-SXM4-80GB,31,22,56675.00,25245.00,81920.00,69.1833,109.41
1788255237455517884,41.910019,0,2,GPU-cc78c145-d270-f184-90af-1b97451aa32b,NVIDIA A800-SXM4-80GB,0,0,57416.38,24503.62,81920.00,70.0883,111.51
1788255237455517884,41.910019,1,3,GPU-3bffd5d2-3e59-3525-6211-22749909c412,NVIDIA A800-SXM4-80GB,17,12,56675.00,25245.00,81920.00,69.1833,112.69
1788255237677703368,42.132204,0,2,GPU-cc78c145-d270-f184-90af-1b97451aa32b,NVIDIA A800-SXM4-80GB,0,0,57416.38,24503.62,81920.00,70.0883,112.10
1788255237677703368,42.132204,1,3,GPU-3bffd5d2-3e59-3525-6211-22749909c412,NVIDIA A800-SXM4-80GB,44,31,56675.00,25245.00,81920.00,69.1833,136.06
1788255237888631433,42.343132,0,2,GPU-cc78c145-d270-f184-90af-1b97451aa32b,NVIDIA A800-SXM4-80GB,0,0,57416.38,24503.62,81920.00,70.0883,110.91
1788255237888631433,42.343132,1,3,GPU-3bffd5d2-3e59-3525-6211-22749909c412,NVIDIA A800-SXM4-80GB,31,22,56675.00,25245.00,81920.00,69.1833,131.78
1788255238764651763,43.219152,0,2,GPU-cc78c145-d270-f184-90af-1b97451aa32b,NVIDIA A800-SXM4-80GB,55,1,57416.38,24503.62,81920.00,70.0883,85.81
1788255238764651763,43.219152,1,3,GPU-3bffd5d2-3e59-3525-6211-22749909c412,NVIDIA A800-SXM4-80GB,14,10,56675.00,25245.00,81920.00,69.1833,107.31
1788255239092214224,43.546715,0,2,GPU-cc78c145-d270-f184-90af-1b97451aa32b,NVIDIA A800-SXM4-80GB,76,7,57416.38,24503.62,81920.00,70.0883,115.12
1788255239092214224,43.546715,1,3,GPU-3bffd5d2-3e59-3525-6211-22749909c412,NVIDIA A800-SXM4-80GB,20,14,56675.00,25245.00,81920.00,69.1833,173.08
1788255239905071903,44.359572,0,2,GPU-cc78c145-d270-f184-90af-1b97451aa32b,NVIDIA A800-SXM4-80GB,86,10,57416.38,24503.62,81920.00,70.0883,115.71
1788255239905071903,44.359572,1,3,GPU-3bffd5d2-3e59-3525-6211-22749909c412,NVIDIA A800-SXM4-80GB,7,5,56675.00,25245.00,81920.00,69.1833,84.53
1788255240253395709,44.707897,0,2,GPU-cc78c145-d270-f184-90af-1b97451aa32b,NVIDIA A800-SXM4-80GB,59,9,57416.38,24503.62,81920.00,70.0883,114.20
1788255240253395709,44.707897,1,3,GPU-3bffd5d2-3e59-3525-6211-22749909c412,NVIDIA A800-SXM4-80GB,7,5,56675.00,25245.00,81920.00,69.1833,154.10
1788255241207061942,45.661562,0,2,GPU-cc78c145-d270-f184-90af-1b97451aa32b,NVIDIA A800-SXM4-80GB,7,5,57416.38,24503.62,81920.00,70.0883,111.51
1788255241207061942,45.661562,1,3,GPU-3bffd5d2-3e59-3525-6211-22749909c412,NVIDIA A800-SXM4-80GB,43,1,56675.00,25245.00,81920.00,69.1833,93.53
1788255242580021662,47.034523,0,2,GPU-cc78c145-d270-f184-90af-1b97451aa32b,NVIDIA A800-SXM4-80GB,48,15,57514.38,24405.62,81920.00,70.2080,414.36
1788255242580021662,47.034523,1,3,GPU-3bffd5d2-3e59-3525-6211-22749909c412,NVIDIA A800-SXM4-80GB,14,8,56675.00,25245.00,81920.00,69.1833,138.02
1788255243419506172,47.874007,0,2,GPU-cc78c145-d270-f184-90af-1b97451aa32b,NVIDIA A800-SXM4-80GB,37,7,57514.38,24405.62,81920.00,70.2080,115.39
1788255243419506172,47.874007,1,3,GPU-3bffd5d2-3e59-3525-6211-22749909c412,NVIDIA A800-SXM4-80GB,18,10,56675.00,25245.00,81920.00,69.1833,117.48
1788255243821894881,48.276396,0,2,GPU-cc78c145-d270-f184-90af-1b97451aa32b,NVIDIA A800-SXM4-80GB,23,2,57514.38,24405.62,81920.00,70.2080,111.51
1788255243821894881,48.276396,1,3,GPU-3bffd5d2-3e59-3525-6211-22749909c412,NVIDIA A800-SXM4-80GB,12,9,56675.00,25245.00,81920.00,69.1833,121.68
1788255244786620034,49.241121,0,2,GPU-cc78c145-d270-f184-90af-1b97451aa32b,NVIDIA A800-SXM4-80GB,40,24,57514.38,24405.62,81920.00,70.2080,195.57
1788255244786620034,49.241121,1,3,GPU-3bffd5d2-3e59-3525-6211-22749909c412,NVIDIA A800-SXM4-80GB,15,10,56675.00,25245.00,81920.00,69.1833,86.90
1788255245469337543,49.923838,0,2,GPU-cc78c145-d270-f184-90af-1b97451aa32b,NVIDIA A800-SXM4-80GB,0,0,57514.38,24405.62,81920.00,70.2080,108.50
1788255245469337543,49.923838,1,3,GPU-3bffd5d2-3e59-3525-6211-22749909c412,NVIDIA A800-SXM4-80GB,29,19,56691.00,25229.00,81920.00,69.2029,84.80
1788255246050624031,50.505125,0,2,GPU-cc78c145-d270-f184-90af-1b97451aa32b,NVIDIA A800-SXM4-80GB,6,5,57514.38,24405.62,81920.00,70.2080,108.50
1788255246050624031,50.505125,1,3,GPU-3bffd5d2-3e59-3525-6211-22749909c412,NVIDIA A800-SXM4-80GB,22,15,56691.00,25229.00,81920.00,69.2029,118.08
1788255246257376473,50.711877,0,2,GPU-cc78c145-d270-f184-90af-1b97451aa32b,NVIDIA A800-SXM4-80GB,0,0,57514.38,24405.62,81920.00,70.2080,108.50
1788255246257376473,50.711877,1,3,GPU-3bffd5d2-3e59-3525-6211-22749909c412,NVIDIA A800-SXM4-80GB,30,19,56691.00,25229.00,81920.00,69.2029,139.40
1788255246467517013,50.922018,0,2,GPU-cc78c145-d270-f184-90af-1b97451aa32b,NVIDIA A800-SXM4-80GB,0,0,57514.38,24405.62,81920.00,70.2080,108.22
1788255246467517013,50.922018,1,3,GPU-3bffd5d2-3e59-3525-6211-22749909c412,NVIDIA A800-SXM4-80GB,45,29,56691.00,25229.00,81920.00,69.2029,190.14
1788255246674544201,51.129045,0,2,GPU-cc78c145-d270-f184-90af-1b97451aa32b,NVIDIA A800-SXM4-80GB,2,0,57514.38,24405.62,81920.00,70.2080,85.72
1788255246674544201,51.129045,1,3,GPU-3bffd5d2-3e59-3525-6211-22749909c412,NVIDIA A800-SXM4-80GB,42,29,56691.00,25229.00,81920.00,69.2029,104.30
1788255247696887987,52.151389,0,2,GPU-cc78c145-d270-f184-90af-1b97451aa32b,NVIDIA A800-SXM4-80GB,8,2,57514.38,24405.62,81920.00,70.2080,116.30
1788255247696887987,52.151389,1,3,GPU-3bffd5d2-3e59-3525-6211-22749909c412,NVIDIA A800-SXM4-80GB,17,12,56691.00,25229.00,81920.00,69.2029,104.62
1788255248407961225,52.862462,0,2,GPU-cc78c145-d270-f184-90af-1b97451aa32b,NVIDIA A800-SXM4-80GB,16,7,57514.38,24405.62,81920.00,70.2080,111.78
1788255248407961225,52.862462,1,3,GPU-3bffd5d2-3e59-3525-6211-22749909c412,NVIDIA A800-SXM4-80GB,36,1,56691.00,25229.00,81920.00,69.2029,98.58
1788255249356855502,53.811356,0,2,GPU-cc78c145-d270-f184-90af-1b97451aa32b,NVIDIA A800-SXM4-80GB,82,4,57514.38,24405.62,81920.00,70.2080,147.32
1788255249356855502,53.811356,1,3,GPU-3bffd5d2-3e59-3525-6211-22749909c412,NVIDIA A800-SXM4-80GB,100,8,56691.00,25229.00,81920.00,69.2029,137.42
1788255250305717027,54.760217,0,2,GPU-cc78c145-d270-f184-90af-1b97451aa32b,NVIDIA A800-SXM4-80GB,74,26,57514.38,24405.62,81920.00,70.2080,193.03
1788255250305717027,54.760217,1,3,GPU-3bffd5d2-3e59-3525-6211-22749909c412,NVIDIA A800-SXM4-80GB,4,2,56691.00,25229.00,81920.00,69.2029,127.98
1788255250891268594,55.345769,0,2,GPU-cc78c145-d270-f184-90af-1b97451aa32b,NVIDIA A800-SXM4-80GB,81,6,57514.38,24405.62,81920.00,70.2080,135.47
1788255250891268594,55.345769,1,3,GPU-3bffd5d2-3e59-3525-6211-22749909c412,NVIDIA A800-SXM4-80GB,44,10,56709.00,25211.00,81920.00,69.2249,112.69
1788255251553893572,56.008394,0,2,GPU-cc78c145-d270-f184-90af-1b97451aa32b,NVIDIA A800-SXM4-80GB,79,17,57514.38,24405.62,81920.00,70.2080,147.20
1788255251553893572,56.008394,1,3,GPU-3bffd5d2-3e59-3525-6211-22749909c412,NVIDIA A800-SXM4-80GB,14,10,56709.00,25211.00,81920.00,69.2249,125.29
1788255252391954775,56.846455,0,2,GPU-cc78c145-d270-f184-90af-1b97451aa32b,NVIDIA A800-SXM4-80GB,4,2,57514.38,24405.62,81920.00,70.2080,111.30
1788255252391954775,56.846455,1,3,GPU-3bffd5d2-3e59-3525-6211-22749909c412,NVIDIA A800-SXM4-80GB,14,10,56709.00,25211.00,81920.00,69.2249,115.39
1788255253448752002,57.903253,0,2,GPU-cc78c145-d270-f184-90af-1b97451aa32b,NVIDIA A800-SXM4-80GB,41,4,57514.38,24405.62,81920.00,70.2080,114.79
1788255253448752002,57.903253,1,3,GPU-3bffd5d2-3e59-3525-6211-22749909c412,NVIDIA A800-SXM4-80GB,15,10,56709.00,25211.00,81920.00,69.2249,84.53
1788255254496459205,58.950960,0,2,GPU-cc78c145-d270-f184-90af-1b97451aa32b,NVIDIA A800-SXM4-80GB,56,17,57514.38,24405.62,81920.00,70.2080,115.71
1788255254496459205,58.950960,1,3,GPU-3bffd5d2-3e59-3525-6211-22749909c412,NVIDIA A800-SXM4-80GB,8,5,56709.00,25211.00,81920.00,69.2249,84.21
1788255255533418974,59.987920,0,2,GPU-cc78c145-d270-f184-90af-1b97451aa32b,NVIDIA A800-SXM4-80GB,0,0,57514.38,24405.62,81920.00,70.2080,151.35
1788255255533418974,59.987920,1,3,GPU-3bffd5d2-3e59-3525-6211-22749909c412,NVIDIA A800-SXM4-80GB,21,13,56729.00,25191.00,81920.00,69.2493,86.31
1788255257033259046,61.487760,0,2,GPU-cc78c145-d270-f184-90af-1b97451aa32b,NVIDIA A800-SXM4-80GB,22,16,57514.38,24405.62,81920.00,70.2080,115.97
1788255257033259046,61.487760,1,3,GPU-3bffd5d2-3e59-3525-6211-22749909c412,NVIDIA A800-SXM4-80GB,100,8,56729.00,25191.00,81920.00,69.2493,137.30
1788255258825841439,63.280342,0,2,GPU-cc78c145-d270-f184-90af-1b97451aa32b,NVIDIA A800-SXM4-80GB,86,10,57514.38,24405.62,81920.00,70.2080,115.71
1788255258825841439,63.280342,1,3,GPU-3bffd5d2-3e59-3525-6211-22749909c412,NVIDIA A800-SXM4-80GB,57,13,56729.00,25191.00,81920.00,69.2493,124.10
1788255259433560472,63.888061,0,2,GPU-cc78c145-d270-f184-90af-1b97451aa32b,NVIDIA A800-SXM4-80GB,3,2,57514.38,24405.62,81920.00,70.2080,112.10
1788255259433560472,63.888061,1,3,GPU-3bffd5d2-3e59-3525-6211-22749909c412,NVIDIA A800-SXM4-80GB,14,10,56729.00,25191.00,81920.00,69.2493,112.43
1788255260624860561,65.079361,0,2,GPU-cc78c145-d270-f184-90af-1b97451aa32b,NVIDIA A800-SXM4-80GB,3,1,57514.38,24405.62,81920.00,70.2080,115.97
1788255260624860561,65.079361,1,3,GPU-3bffd5d2-3e59-3525-6211-22749909c412,NVIDIA A800-SXM4-80GB,10,7,56729.00,25191.00,81920.00,69.2493,86.31
1788255261419182246,65.873683,0,2,GPU-cc78c145-d270-f184-90af-1b97451aa32b,NVIDIA A800-SXM4-80GB,62,8,57514.38,24405.62,81920.00,70.2080,115.97
1788255261419182246,65.873683,1,3,GPU-3bffd5d2-3e59-3525-6211-22749909c412,NVIDIA A800-SXM4-80GB,15,9,56729.00,25191.00,81920.00,69.2493,84.53
1788255262960626184,67.415127,0,2,GPU-cc78c145-d270-f184-90af-1b97451aa32b,NVIDIA A800-SXM4-80GB,68,15,57514.38,24405.62,81920.00,70.2080,184.68
1788255262960626184,67.415127,1,3,GPU-3bffd5d2-3e59-3525-6211-22749909c412,NVIDIA A800-SXM4-80GB,8,5,56729.00,25191.00,81920.00,69.2493,124.37
1788255264043015548,68.497516,0,2,GPU-cc78c145-d270-f184-90af-1b97451aa32b,NVIDIA A800-SXM4-80GB,3,2,57514.38,24405.62,81920.00,70.2080,147.20
1788255264043015548,68.497516,1,3,GPU-3bffd5d2-3e59-3525-6211-22749909c412,NVIDIA A800-SXM4-80GB,89,4,56777.00,25143.00,81920.00,69.3079,158.57
1788255265293203464,69.747704,0,2,GPU-cc78c145-d270-f184-90af-1b97451aa32b,NVIDIA A800-SXM4-80GB,26,19,57514.38,24405.62,81920.00,70.2080,129.17
1788255265293203464,69.747704,1,3,GPU-3bffd5d2-3e59-3525-6211-22749909c412,NVIDIA A800-SXM4-80GB,5,2,56777.00,25143.00,81920.00,69.3079,194.06
1788255266063175943,70.517677,0,2,GPU-cc78c145-d270-f184-90af-1b97451aa32b,NVIDIA A800-SXM4-80GB,87,7,57514.38,24405.62,81920.00,70.2080,139.67
1788255266063175943,70.517677,1,3,GPU-3bffd5d2-3e59-3525-6211-22749909c412,NVIDIA A800-SXM4-80GB,10,5,56805.00,25115.00,81920.00,69.3420,144.46
1788255266985628319,71.440129,0,2,GPU-cc78c145-d270-f184-90af-1b97451aa32b,NVIDIA A800-SXM4-80GB,51,7,57514.38,24405.62,81920.00,70.2080,132.51
1788255266985628319,71.440129,1,3,GPU-3bffd5d2-3e59-3525-6211-22749909c412,NVIDIA A800-SXM4-80GB,0,0,56805.00,25115.00,81920.00,69.3420,87.22
1788255267442626925,71.897127,0,2,GPU-cc78c145-d270-f184-90af-1b97451aa32b,NVIDIA A800-SXM4-80GB,73,5,57514.38,24405.62,81920.00,70.2080,112.43
1788255267442626925,71.897127,1,3,GPU-3bffd5d2-3e59-3525-6211-22749909c412,NVIDIA A800-SXM4-80GB,15,10,56805.00,25115.00,81920.00,69.3420,112.69
1788255268360393521,72.814894,0,2,GPU-cc78c145-d270-f184-90af-1b97451aa32b,NVIDIA A800-SXM4-80GB,67,17,57514.38,24405.62,81920.00,70.2080,115.39
1788255268360393521,72.814894,1,3,GPU-3bffd5d2-3e59-3525-6211-22749909c412,NVIDIA A800-SXM4-80GB,7,5,56805.00,25115.00,81920.00,69.3420,112.43
1788255269619263456,74.073764,0,2,GPU-cc78c145-d270-f184-90af-1b97451aa32b,NVIDIA A800-SXM4-80GB,67,12,57514.38,24405.62,81920.00,70.2080,144.78
1788255269619263456,74.073764,1,3,GPU-3bffd5d2-3e59-3525-6211-22749909c412,NVIDIA A800-SXM4-80GB,17,10,56805.00,25115.00,81920.00,69.3420,84.21
1788255270604474628,75.058975,0,2,GPU-cc78c145-d270-f184-90af-1b97451aa32b,NVIDIA A800-SXM4-80GB,59,9,57514.38,24405.62,81920.00,70.2080,111.78
1788255270604474628,75.058975,1,3,GPU-3bffd5d2-3e59-3525-6211-22749909c412,NVIDIA A800-SXM4-80GB,0,0,56805.00,25115.00,81920.00,69.3420,124.97
1788255271123649654,75.578150,0,2,GPU-cc78c145-d270-f184-90af-1b97451aa32b,NVIDIA A800-SXM4-80GB,53,1,57514.38,24405.62,81920.00,70.2080,116.30
1788255271123649654,75.578150,1,3,GPU-3bffd5d2-3e59-3525-6211-22749909c412,NVIDIA A800-SXM4-80GB,16,10,56805.00,25115.00,81920.00,69.3420,84.21
1788255271951707814,76.406208,0,2,GPU-cc78c145-d270-f184-90af-1b97451aa32b,NVIDIA A800-SXM4-80GB,0,0,57514.38,24405.62,81920.00,70.2080,113.28
1788255271951707814,76.406208,1,3,GPU-3bffd5d2-3e59-3525-6211-22749909c412,NVIDIA A800-SXM4-80GB,61,1,56805.00,25115.00,81920.00,69.3420,115.39
1788255273158442438,77.612943,0,2,GPU-cc78c145-d270-f184-90af-1b97451aa32b,NVIDIA A800-SXM4-80GB,100,8,57514.38,24405.62,81920.00,70.2080,118.72
1788255273158442438,77.612943,1,3,GPU-3bffd5d2-3e59-3525-6211-22749909c412,NVIDIA A800-SXM4-80GB,100,6,56837.00,25083.00,81920.00,69.3811,142.68
1788255273869061272,78.323562,0,2,GPU-cc78c145-d270-f184-90af-1b97451aa32b,NVIDIA A800-SXM4-80GB,74,26,57514.38,24405.62,81920.00,70.2080,413.45
1788255273869061272,78.323562,1,3,GPU-3bffd5d2-3e59-3525-6211-22749909c412,NVIDIA A800-SXM4-80GB,15,7,56837.00,25083.00,81920.00,69.3811,155.39
1788255275429458909,79.883959,0,2,GPU-cc78c145-d270-f184-90af-1b97451aa32b,NVIDIA A800-SXM4-80GB,31,5,57514.38,24405.62,81920.00,70.2080,115.97
1788255275429458909,79.883959,1,3,GPU-3bffd5d2-3e59-3525-6211-22749909c412,NVIDIA A800-SXM4-80GB,8,5,56839.00,25081.00,81920.00,69.3835,114.79
1788255277156506291,81.611007,0,2,GPU-cc78c145-d270-f184-90af-1b97451aa32b,NVIDIA A800-SXM4-80GB,41,5,57514.38,24405.62,81920.00,70.2080,115.97
1788255277156506291,81.611007,1,3,GPU-3bffd5d2-3e59-3525-6211-22749909c412,NVIDIA A800-SXM4-80GB,8,5,56839.00,25081.00,81920.00,69.3835,85.12
1788255277645831942,82.100332,0,2,GPU-cc78c145-d270-f184-90af-1b97451aa32b,NVIDIA A800-SXM4-80GB,90,8,57514.38,24405.62,81920.00,70.2080,117.81
1788255277645831942,82.100332,1,3,GPU-3bffd5d2-3e59-3525-6211-22749909c412,NVIDIA A800-SXM4-80GB,9,5,56839.00,25081.00,81920.00,69.3835,85.12
1788255278487976082,82.942477,0,2,GPU-cc78c145-d270-f184-90af-1b97451aa32b,NVIDIA A800-SXM4-80GB,19,9,57514.38,24405.62,81920.00,70.2080,115.51
1788255278487976082,82.942477,1,3,GPU-3bffd5d2-3e59-3525-6211-22749909c412,NVIDIA A800-SXM4-80GB,9,5,56839.00,25081.00,81920.00,69.3835,86.40
1788255279019001956,83.473503,0,2,GPU-cc78c145-d270-f184-90af-1b97451aa32b,NVIDIA A800-SXM4-80GB,81,5,57514.38,24405.62,81920.00,70.2080,119.32
1788255279019001956,83.473503,1,3,GPU-3bffd5d2-3e59-3525-6211-22749909c412,NVIDIA A800-SXM4-80GB,9,5,56839.00,25081.00,81920.00,69.3835,84.80
1788255279990918932,84.445420,0,2,GPU-cc78c145-d270-f184-90af-1b97451aa32b,NVIDIA A800-SXM4-80GB,11,7,57514.38,24405.62,81920.00,70.2080,112.43
1788255279990918932,84.445420,1,3,GPU-3bffd5d2-3e59-3525-6211-22749909c412,NVIDIA A800-SXM4-80GB,34,1,56839.00,25081.00,81920.00,69.3835,85.72
1788255281012042994,85.466543,0,2,GPU-cc78c145-d270-f184-90af-1b97451aa32b,NVIDIA A800-SXM4-80GB,100,1,57514.38,24405.62,81920.00,70.2080,115.71
1788255281012042994,85.466543,1,3,GPU-3bffd5d2-3e59-3525-6211-22749909c412,NVIDIA A800-SXM4-80GB,100,6,56875.00,25045.00,81920.00,69.4275,162.59
1788255282257830996,86.712332,0,2,GPU-cc78c145-d270-f184-90af-1b97451aa32b,NVIDIA A800-SXM4-80GB,100,4,57514.38,24405.62,81920.00,70.2080,172.35
1788255282257830996,86.712332,1,3,GPU-3bffd5d2-3e59-3525-6211-22749909c412,NVIDIA A800-SXM4-80GB,0,0,56875.00,25045.00,81920.00,69.4275,114.08
1788255282761084305,87.215585,0,2,GPU-cc78c145-d270-f184-90af-1b97451aa32b,NVIDIA A800-SXM4-80GB,2,0,57514.38,24405.62,81920.00,70.2080,136.71
1788255282761084305,87.215585,1,3,GPU-3bffd5d2-3e59-3525-6211-22749909c412,NVIDIA A800-SXM4-80GB,5,2,56913.00,25007.00,81920.00,69.4739,114.52
1788255283417458373,87.871959,0,2,GPU-cc78c145-d270-f184-90af-1b97451aa32b,NVIDIA A800-SXM4-80GB,18,7,57514.38,24405.62,81920.00,70.2080,113.13
1788255283417458373,87.871959,1,3,GPU-3bffd5d2-3e59-3525-6211-22749909c412,NVIDIA A800-SXM4-80GB,0,0,56913.00,25007.00,81920.00,69.4739,85.12
1788255284172468991,88.626970,0,2,GPU-cc78c145-d270-f184-90af-1b97451aa32b,NVIDIA A800-SXM4-80GB,84,7,57514.38,24405.62,81920.00,70.2080,142.68
1788255284172468991,88.626970,1,3,GPU-3bffd5d2-3e59-3525-6211-22749909c412,NVIDIA A800-SXM4-80GB,8,5,56913.00,25007.00,81920.00,69.4739,284.80
1788255285460812019,89.915313,0,2,GPU-cc78c145-d270-f184-90af-1b97451aa32b,NVIDIA A800-SXM4-80GB,43,16,57514.38,24405.62,81920.00,70.2080,132.92
1788255285460812019,89.915313,1,3,GPU-3bffd5d2-3e59-3525-6211-22749909c412,NVIDIA A800-SXM4-80GB,8,5,56913.00,25007.00,81920.00,69.4739,119.32
1788255286253259725,90.707761,0,2,GPU-cc78c145-d270-f184-90af-1b97451aa32b,NVIDIA A800-SXM4-80GB,25,4,57514.38,24405.62,81920.00,70.2080,113.13
1788255286253259725,90.707761,1,3,GPU-3bffd5d2-3e59-3525-6211-22749909c412,NVIDIA A800-SXM4-80GB,9,5,56913.00,25007.00,81920.00,69.4739,92.11
1788255286513014258,90.967515,0,2,GPU-cc78c145-d270-f184-90af-1b97451aa32b,NVIDIA A800-SXM4-80GB,0,0,57514.38,24405.62,81920.00,70.2080,113.13
1788255286513014258,90.967515,1,3,GPU-3bffd5d2-3e59-3525-6211-22749909c412,NVIDIA A800-SXM4-80GB,17,11,56913.00,25007.00,81920.00,69.4739,85.21
1788255287040850245,91.495351,0,2,GPU-cc78c145-d270-f184-90af-1b97451aa32b,NVIDIA A800-SXM4-80GB,26,2,57514.38,24405.62,81920.00,70.2080,116.10
1788255287040850245,91.495351,1,3,GPU-3bffd5d2-3e59-3525-6211-22749909c412,NVIDIA A800-SXM4-80GB,22,14,56913.00,25007.00,81920.00,69.4739,84.89
1788255287926252744,92.380754,0,2,GPU-cc78c145-d270-f184-90af-1b97451aa32b,NVIDIA A800-SXM4-80GB,77,2,57514.38,24405.62,81920.00,70.2080,118.20
1788255287926252744,92.380754,1,3,GPU-3bffd5d2-3e59-3525-6211-22749909c412,NVIDIA A800-SXM4-80GB,0,0,56913.00,25007.00,81920.00,69.4739,84.89
1788255288823622163,93.278123,0,2,GPU-cc78c145-d270-f184-90af-1b97451aa32b,NVIDIA A800-SXM4-80GB,60,3,57514.38,24405.62,81920.00,70.2080,115.51
1788255288823622163,93.278123,1,3,GPU-3bffd5d2-3e59-3525-6211-22749909c412,NVIDIA A800-SXM4-80GB,100,4,56913.00,25007.00,81920.00,69.4739,117.01
1788255289994366632,94.448868,0,2,GPU-cc78c145-d270-f184-90af-1b97451aa32b,NVIDIA A800-SXM4-80GB,92,11,57514.38,24405.62,81920.00,70.2080,147.63
1788255289994366632,94.448868,1,3,GPU-3bffd5d2-3e59-3525-6211-22749909c412,NVIDIA A800-SXM4-80GB,6,3,56955.00,24965.00,81920.00,69.5251,114.52
1788255290593856402,95.048357,0,2,GPU-cc78c145-d270-f184-90af-1b97451aa32b,NVIDIA A800-SXM4-80GB,18,13,57514.38,24405.62,81920.00,70.2080,118.84
1788255290593856402,95.048357,1,3,GPU-3bffd5d2-3e59-3525-6211-22749909c412,NVIDIA A800-SXM4-80GB,12,5,56955.00,24965.00,81920.00,69.5251,115.24
1788255290929823948,95.384325,0,2,GPU-cc78c145-d270-f184-90af-1b97451aa32b,NVIDIA A800-SXM4-80GB,8,5,57514.38,24405.62,81920.00,70.2080,126.93
1788255290929823948,95.384325,1,3,GPU-3bffd5d2-3e59-3525-6211-22749909c412,NVIDIA A800-SXM4-80GB,12,5,56999.00,24921.00,81920.00,69.5789,143.00
1788255291194282190,95.648783,0,2,GPU-cc78c145-d270-f184-90af-1b97451aa32b,NVIDIA A800-SXM4-80GB,12,6,57514.38,24405.62,81920.00,70.2080,112.54
1788255291194282190,95.648783,1,3,GPU-3bffd5d2-3e59-3525-6211-22749909c412,NVIDIA A800-SXM4-80GB,18,8,56999.00,24921.00,81920.00,69.5789,225.11
1788255291547832897,96.002334,0,2,GPU-cc78c145-d270-f184-90af-1b97451aa32b,NVIDIA A800-SXM4-80GB,0,0,57514.38,24405.62,81920.00,70.2080,111.89
1788255291547832897,96.002334,1,3,GPU-3bffd5d2-3e59-3525-6211-22749909c412,NVIDIA A800-SXM4-80GB,0,0,56999.00,24921.00,81920.00,69.5789,114.32
1788255291776486910,96.230987,0,2,GPU-cc78c145-d270-f184-90af-1b97451aa32b,NVIDIA A800-SXM4-80GB,0,0,57514.38,24405.62,81920.00,70.2080,112.21
1788255291776486910,96.230987,1,3,GPU-3bffd5d2-3e59-3525-6211-22749909c412,NVIDIA A800-SXM4-80GB,0,0,56999.00,24921.00,81920.00,69.5789,84.89
1788255292003702620,96.458203,0,2,GPU-cc78c145-d270-f184-90af-1b97451aa32b,NVIDIA A800-SXM4-80GB,0,0,57514.38,24405.62,81920.00,70.2080,83.11
1788255292003702620,96.458203,1,3,GPU-3bffd5d2-3e59-3525-6211-22749909c412,NVIDIA A800-SXM4-80GB,0,0,56999.00,24921.00,81920.00,69.5789,84.89
1788255292230026051,96.684527,0,2,GPU-cc78c145-d270-f184-90af-1b97451aa32b,NVIDIA A800-SXM4-80GB,0,0,57514.38,24405.62,81920.00,70.2080,83.38
1788255292230026051,96.684527,1,3,GPU-3bffd5d2-3e59-3525-6211-22749909c412,NVIDIA A800-SXM4-80GB,0,0,56999.00,24921.00,81920.00,69.5789,84.89
1788255292457445985,96.911947,0,2,GPU-cc78c145-d270-f184-90af-1b97451aa32b,NVIDIA A800-SXM4-80GB,0,0,57514.38,24405.62,81920.00,70.2080,83.38
1788255292457445985,96.911947,1,3,GPU-3bffd5d2-3e59-3525-6211-22749909c412,NVIDIA A800-SXM4-80GB,0,0,56999.00,24921.00,81920.00,69.5789,84.89
1788255292684627433,97.139128,0,2,GPU-cc78c145-d270-f184-90af-1b97451aa32b,NVIDIA A800-SXM4-80GB,0,0,57514.38,24405.62,81920.00,70.2080,83.38
1788255292684627433,97.139128,1,3,GPU-3bffd5d2-3e59-3525-6211-22749909c412,NVIDIA A800-SXM4-80GB,0,0,56999.00,24921.00,81920.00,69.5789,84.89
1788255292912420094,97.366920,0,2,GPU-cc78c145-d270-f184-90af-1b97451aa32b,NVIDIA A800-SXM4-80GB,0,0,57514.38,24405.62,81920.00,70.2080,83.38
1788255292912420094,97.366920,1,3,GPU-3bffd5d2-3e59-3525-6211-22749909c412,NVIDIA A800-SXM4-80GB,0,0,56999.00,24921.00,81920.00,69.5789,84.89
1788255293138355187,97.592856,0,2,GPU-cc78c145-d270-f184-90af-1b97451aa32b,NVIDIA A800-SXM4-80GB,0,0,57514.38,24405.62,81920.00,70.2080,83.47
1788255293138355187,97.592856,1,3,GPU-3bffd5d2-3e59-3525-6211-22749909c412,NVIDIA A800-SXM4-80GB,0,0,56999.00,24921.00,81920.00,69.5789,84.62
1788255293353218795,97.807719,0,2,GPU-cc78c145-d270-f184-90af-1b97451aa32b,NVIDIA A800-SXM4-80GB,0,0,57514.38,24405.62,81920.00,70.2080,83.38
1788255293353218795,97.807719,1,3,GPU-3bffd5d2-3e59-3525-6211-22749909c412,NVIDIA A800-SXM4-80GB,0,0,56999.00,24921.00,81920.00,69.5789,84.62
1788255293581856937,98.036358,0,2,GPU-cc78c145-d270-f184-90af-1b97451aa32b,NVIDIA A800-SXM4-80GB,0,0,57514.38,24405.62,81920.00,70.2080,83.38
1788255293581856937,98.036358,1,3,GPU-3bffd5d2-3e59-3525-6211-22749909c412,NVIDIA A800-SXM4-80GB,0,0,56999.00,24921.00,81920.00,69.5789,84.62
1788255293805766443,98.260267,0,2,GPU-cc78c145-d270-f184-90af-1b97451aa32b,NVIDIA A800-SXM4-80GB,0,0,57514.38,24405.62,81920.00,70.2080,83.38
1788255293805766443,98.260267,1,3,GPU-3bffd5d2-3e59-3525-6211-22749909c412,NVIDIA A800-SXM4-80GB,0,0,56999.00,24921.00,81920.00,69.5789,84.62
1788255294032644975,98.487146,0,2,GPU-cc78c145-d270-f184-90af-1b97451aa32b,NVIDIA A800-SXM4-80GB,0,0,57514.38,24405.62,81920.00,70.2080,83.38
1788255294032644975,98.487146,1,3,GPU-3bffd5d2-3e59-3525-6211-22749909c412,NVIDIA A800-SXM4-80GB,0,0,56999.00,24921.00,81920.00,69.5789,84.62
1788255294266210854,98.720711,0,2,GPU-cc78c145-d270-f184-90af-1b97451aa32b,NVIDIA A800-SXM4-80GB,0,0,57514.38,24405.62,81920.00,70.2080,83.38
1788255294266210854,98.720711,1,3,GPU-3bffd5d2-3e59-3525-6211-22749909c412,NVIDIA A800-SXM4-80GB,0,0,56999.00,24921.00,81920.00,69.5789,84.62
1788255294480049956,98.934551,0,2,GPU-cc78c145-d270-f184-90af-1b97451aa32b,NVIDIA A800-SXM4-80GB,0,0,57514.38,24405.62,81920.00,70.2080,83.47
1788255294480049956,98.934551,1,3,GPU-3bffd5d2-3e59-3525-6211-22749909c412,NVIDIA A800-SXM4-80GB,0,0,56999.00,24921.00,81920.00,69.5789,84.62
1788255294707760493,99.162261,0,2,GPU-cc78c145-d270-f184-90af-1b97451aa32b,NVIDIA A800-SXM4-80GB,0,0,57514.38,24405.62,81920.00,70.2080,83.38
1788255294707760493,99.162261,1,3,GPU-3bffd5d2-3e59-3525-6211-22749909c412,NVIDIA A800-SXM4-80GB,0,0,56999.00,24921.00,81920.00,69.5789,84.62
1788255294933855842,99.388356,0,2,GPU-cc78c145-d270-f184-90af-1b97451aa32b,NVIDIA A800-SXM4-80GB,0,0,57514.38,24405.62,81920.00,70.2080,83.38
1788255294933855842,99.388356,1,3,GPU-3bffd5d2-3e59-3525-6211-22749909c412,NVIDIA A800-SXM4-80GB,0,0,56999.00,24921.00,81920.00,69.5789,84.62
1788255295160564670,99.615065,0,2,GPU-cc78c145-d270-f184-90af-1b97451aa32b,NVIDIA A800-SXM4-80GB,0,0,57514.38,24405.62,81920.00,70.2080,83.38
1788255295160564670,99.615065,1,3,GPU-3bffd5d2-3e59-3525-6211-22749909c412,NVIDIA A800-SXM4-80GB,0,0,56999.00,24921.00,81920.00,69.5789,84.62
1788255295389874375,99.844375,0,2,GPU-cc78c145-d270-f184-90af-1b97451aa32b,NVIDIA A800-SXM4-80GB,0,0,57514.38,24405.62,81920.00,70.2080,83.38
1788255295389874375,99.844375,1,3,GPU-3bffd5d2-3e59-3525-6211-22749909c412,NVIDIA A800-SXM4-80GB,0,0,56999.00,24921.00,81920.00,69.5789,84.62
1788255295614916296,100.069417,0,2,GPU-cc78c145-d270-f184-90af-1b97451aa32b,NVIDIA A800-SXM4-80GB,0,0,57514.38,24405.62,81920.00,70.2080,83.38
1788255295614916296,100.069417,1,3,GPU-3bffd5d2-3e59-3525-6211-22749909c412,NVIDIA A800-SXM4-80GB,0,0,56999.00,24921.00,81920.00,69.5789,84.62
1788255295841787505,100.296288,0,2,GPU-cc78c145-d270-f184-90af-1b97451aa32b,NVIDIA A800-SXM4-80GB,0,0,57514.38,24405.62,81920.00,70.2080,83.47
1788255295841787505,100.296288,1,3,GPU-3bffd5d2-3e59-3525-6211-22749909c412,NVIDIA A800-SXM4-80GB,0,0,56999.00,24921.00,81920.00,69.5789,84.62
1788255296070150200,100.524651,0,2,GPU-cc78c145-d270-f184-90af-1b97451aa32b,NVIDIA A800-SXM4-80GB,0,0,57514.38,24405.62,81920.00,70.2080,83.47
1788255296070150200,100.524651,1,3,GPU-3bffd5d2-3e59-3525-6211-22749909c412,NVIDIA A800-SXM4-80GB,0,0,56999.00,24921.00,81920.00,69.5789,84.62
1788255296296832589,100.751333,0,2,GPU-cc78c145-d270-f184-90af-1b97451aa32b,NVIDIA A800-SXM4-80GB,0,0,57514.38,24405.62,81920.00,70.2080,83.38
1788255296296832589,100.751333,1,3,GPU-3bffd5d2-3e59-3525-6211-22749909c412,NVIDIA A800-SXM4-80GB,0,0,56999.00,24921.00,81920.00,69.5789,84.62
1788255296523882411,100.978383,0,2,GPU-cc78c145-d270-f184-90af-1b97451aa32b,NVIDIA A800-SXM4-80GB,0,0,57514.38,24405.62,81920.00,70.2080,83.11
1788255296523882411,100.978383,1,3,GPU-3bffd5d2-3e59-3525-6211-22749909c412,NVIDIA A800-SXM4-80GB,0,0,56999.00,24921.00,81920.00,69.5789,84.62
1788255296750391530,101.204892,0,2,GPU-cc78c145-d270-f184-90af-1b97451aa32b,NVIDIA A800-SXM4-80GB,0,0,57514.38,24405.62,81920.00,70.2080,83.11
1788255296750391530,101.204892,1,3,GPU-3bffd5d2-3e59-3525-6211-22749909c412,NVIDIA A800-SXM4-80GB,0,0,56999.00,24921.00,81920.00,69.5789,84.62
1788255296977512805,101.432014,0,2,GPU-cc78c145-d270-f184-90af-1b97451aa32b,NVIDIA A800-SXM4-80GB,0,0,57514.38,24405.62,81920.00,70.2080,83.11
1788255296977512805,101.432014,1,3,GPU-3bffd5d2-3e59-3525-6211-22749909c412,NVIDIA A800-SXM4-80GB,0,0,56999.00,24921.00,81920.00,69.5789,84.62
1788255297204177421,101.658678,0,2,GPU-cc78c145-d270-f184-90af-1b97451aa32b,NVIDIA A800-SXM4-80GB,0,0,57514.38,24405.62,81920.00,70.2080,83.11
1788255297204177421,101.658678,1,3,GPU-3bffd5d2-3e59-3525-6211-22749909c412,NVIDIA A800-SXM4-80GB,0,0,56999.00,24921.00,81920.00,69.5789,84.62
1788255297431146066,101.885647,0,2,GPU-cc78c145-d270-f184-90af-1b97451aa32b,NVIDIA A800-SXM4-80GB,0,0,57514.38,24405.62,81920.00,70.2080,83.11
1788255297431146066,101.885647,1,3,GPU-3bffd5d2-3e59-3525-6211-22749909c412,NVIDIA A800-SXM4-80GB,0,0,56999.00,24921.00,81920.00,69.5789,84.62
1788255297658894854,102.113396,0,2,GPU-cc78c145-d270-f184-90af-1b97451aa32b,NVIDIA A800-SXM4-80GB,0,0,57514.38,24405.62,81920.00,70.2080,83.20
1788255297658894854,102.113396,1,3,GPU-3bffd5d2-3e59-3525-6211-22749909c412,NVIDIA A800-SXM4-80GB,0,0,56999.00,24921.00,81920.00,69.5789,84.62
1788255297884740144,102.339241,0,2,GPU-cc78c145-d270-f184-90af-1b97451aa32b,NVIDIA A800-SXM4-80GB,0,0,57514.38,24405.62,81920.00,70.2080,83.11
1788255297884740144,102.339241,1,3,GPU-3bffd5d2-3e59-3525-6211-22749909c412,NVIDIA A800-SXM4-80GB,0,0,56999.00,24921.00,81920.00,69.5789,84.62
1788255298116256169,102.570756,0,2,GPU-cc78c145-d270-f184-90af-1b97451aa32b,NVIDIA A800-SXM4-80GB,0,0,57514.38,24405.62,81920.00,70.2080,83.11
1788255298116256169,102.570756,1,3,GPU-3bffd5d2-3e59-3525-6211-22749909c412,NVIDIA A800-SXM4-80GB,0,0,56999.00,24921.00,81920.00,69.5789,84.62
1788255298345374350,102.799875,0,2,GPU-cc78c145-d270-f184-90af-1b97451aa32b,NVIDIA A800-SXM4-80GB,0,0,57514.38,24405.62,81920.00,70.2080,83.11
1788255298345374350,102.799875,1,3,GPU-3bffd5d2-3e59-3525-6211-22749909c412,NVIDIA A800-SXM4-80GB,0,0,56999.00,24921.00,81920.00,69.5789,84.62
1788255298571792228,103.026293,0,2,GPU-cc78c145-d270-f184-90af-1b97451aa32b,NVIDIA A800-SXM4-80GB,0,0,57514.38,24405.62,81920.00,70.2080,83.11
1788255298571792228,103.026293,1,3,GPU-3bffd5d2-3e59-3525-6211-22749909c412,NVIDIA A800-SXM4-80GB,0,0,56999.00,24921.00,81920.00,69.5789,84.62
1788255298787413329,103.241914,0,2,GPU-cc78c145-d270-f184-90af-1b97451aa32b,NVIDIA A800-SXM4-80GB,0,0,57514.38,24405.62,81920.00,70.2080,83.38
1788255298787413329,103.241914,1,3,GPU-3bffd5d2-3e59-3525-6211-22749909c412,NVIDIA A800-SXM4-80GB,0,0,56999.00,24921.00,81920.00,69.5789,84.62
1788255299014248828,103.468750,0,2,GPU-cc78c145-d270-f184-90af-1b97451aa32b,NVIDIA A800-SXM4-80GB,0,0,57514.38,24405.62,81920.00,70.2080,83.11
1788255299014248828,103.468750,1,3,GPU-3bffd5d2-3e59-3525-6211-22749909c412,NVIDIA A800-SXM4-80GB,0,0,56999.00,24921.00,81920.00,69.5789,84.62
1788255299421016717,103.875518,0,2,GPU-cc78c145-d270-f184-90af-1b97451aa32b,NVIDIA A800-SXM4-80GB,0,0,57514.38,24405.62,81920.00,70.2080,83.11
1788255299421016717,103.875518,1,3,GPU-3bffd5d2-3e59-3525-6211-22749909c412,NVIDIA A800-SXM4-80GB,0,0,56999.00,24921.00,81920.00,69.5789,84.62
1788255299756038059,104.210539,0,2,GPU-cc78c145-d270-f184-90af-1b97451aa32b,NVIDIA A800-SXM4-80GB,0,0,57514.38,24405.62,81920.00,70.2080,83.11
1788255299756038059,104.210539,1,3,GPU-3bffd5d2-3e59-3525-6211-22749909c412,NVIDIA A800-SXM4-80GB,0,0,56999.00,24921.00,81920.00,69.5789,84.62
1788255300105101023,104.559602,0,2,GPU-cc78c145-d270-f184-90af-1b97451aa32b,NVIDIA A800-SXM4-80GB,0,0,57514.38,24405.62,81920.00,70.2080,83.20
1788255300105101023,104.559602,1,3,GPU-3bffd5d2-3e59-3525-6211-22749909c412,NVIDIA A800-SXM4-80GB,0,0,56999.00,24921.00,81920.00,69.5789,84.62
1788255300333310509,104.787811,0,2,GPU-cc78c145-d270-f184-90af-1b97451aa32b,NVIDIA A800-SXM4-80GB,0,0,57514.38,24405.62,81920.00,70.2080,83.11
1788255300333310509,104.787811,1,3,GPU-3bffd5d2-3e59-3525-6211-22749909c412,NVIDIA A800-SXM4-80GB,0,0,56999.00,24921.00,81920.00,69.5789,84.62
1788255300559730621,105.014231,0,2,GPU-cc78c145-d270-f184-90af-1b97451aa32b,NVIDIA A800-SXM4-80GB,0,0,57514.38,24405.62,81920.00,70.2080,83.11
1788255300559730621,105.014231,1,3,GPU-3bffd5d2-3e59-3525-6211-22749909c412,NVIDIA A800-SXM4-80GB,0,0,56999.00,24921.00,81920.00,69.5789,84.62
1788255300786907601,105.241408,0,2,GPU-cc78c145-d270-f184-90af-1b97451aa32b,NVIDIA A800-SXM4-80GB,0,0,57514.38,24405.62,81920.00,70.2080,83.20
1788255300786907601,105.241408,1,3,GPU-3bffd5d2-3e59-3525-6211-22749909c412,NVIDIA A800-SXM4-80GB,0,0,56999.00,24921.00,81920.00,69.5789,84.62
1788255301014352402,105.468853,0,2,GPU-cc78c145-d270-f184-90af-1b97451aa32b,NVIDIA A800-SXM4-80GB,0,0,57514.38,24405.62,81920.00,70.2080,83.20
1788255301014352402,105.468853,1,3,GPU-3bffd5d2-3e59-3525-6211-22749909c412,NVIDIA A800-SXM4-80GB,0,0,56999.00,24921.00,81920.00,69.5789,84.62
1788255301240620225,105.695121,0,2,GPU-cc78c145-d270-f184-90af-1b97451aa32b,NVIDIA A800-SXM4-80GB,0,0,57514.38,24405.62,81920.00,70.2080,83.20
1788255301240620225,105.695121,1,3,GPU-3bffd5d2-3e59-3525-6211-22749909c412,NVIDIA A800-SXM4-80GB,0,0,56999.00,24921.00,81920.00,69.5789,84.62
1788255301466744115,105.921245,0,2,GPU-cc78c145-d270-f184-90af-1b97451aa32b,NVIDIA A800-SXM4-80GB,0,0,57514.38,24405.62,81920.00,70.2080,83.11
1788255301466744115,105.921245,1,3,GPU-3bffd5d2-3e59-3525-6211-22749909c412,NVIDIA A800-SXM4-80GB,0,0,56999.00,24921.00,81920.00,69.5789,84.62
1788255301693838211,106.148339,0,2,GPU-cc78c145-d270-f184-90af-1b97451aa32b,NVIDIA A800-SXM4-80GB,0,0,57514.38,24405.62,81920.00,70.2080,83.11
1788255301693838211,106.148339,1,3,GPU-3bffd5d2-3e59-3525-6211-22749909c412,NVIDIA A800-SXM4-80GB,0,0,56999.00,24921.00,81920.00,69.5789,84.62
1788255301929070594,106.383571,0,2,GPU-cc78c145-d270-f184-90af-1b97451aa32b,NVIDIA A800-SXM4-80GB,0,0,57514.38,24405.62,81920.00,70.2080,83.11
1788255301929070594,106.383571,1,3,GPU-3bffd5d2-3e59-3525-6211-22749909c412,NVIDIA A800-SXM4-80GB,0,0,56999.00,24921.00,81920.00,69.5789,84.62
1788255302155733620,106.610234,0,2,GPU-cc78c145-d270-f184-90af-1b97451aa32b,NVIDIA A800-SXM4-80GB,0,0,57514.38,24405.62,81920.00,70.2080,83.11
1788255302155733620,106.610234,1,3,GPU-3bffd5d2-3e59-3525-6211-22749909c412,NVIDIA A800-SXM4-80GB,0,0,56999.00,24921.00,81920.00,69.5789,84.62
1788255302383702227,106.838203,0,2,GPU-cc78c145-d270-f184-90af-1b97451aa32b,NVIDIA A800-SXM4-80GB,0,0,57514.38,24405.62,81920.00,70.2080,83.20
1788255302383702227,106.838203,1,3,GPU-3bffd5d2-3e59-3525-6211-22749909c412,NVIDIA A800-SXM4-80GB,0,0,56999.00,24921.00,81920.00,69.5789,84.62
1788255302610797268,107.065298,0,2,GPU-cc78c145-d270-f184-90af-1b97451aa32b,NVIDIA A800-SXM4-80GB,0,0,57514.38,24405.62,81920.00,70.2080,83.11
1788255302610797268,107.065298,1,3,GPU-3bffd5d2-3e59-3525-6211-22749909c412,NVIDIA A800-SXM4-80GB,0,0,56999.00,24921.00,81920.00,69.5789,84.62
1788255302830083088,107.284584,0,2,GPU-cc78c145-d270-f184-90af-1b97451aa32b,NVIDIA A800-SXM4-80GB,0,0,57514.38,24405.62,81920.00,70.2080,83.20
1788255302830083088,107.284584,1,3,GPU-3bffd5d2-3e59-3525-6211-22749909c412,NVIDIA A800-SXM4-80GB,0,0,56999.00,24921.00,81920.00,69.5789,84.62
1788255303045458740,107.499959,0,2,GPU-cc78c145-d270-f184-90af-1b97451aa32b,NVIDIA A800-SXM4-80GB,0,0,57514.38,24405.62,81920.00,70.2080,83.11
1788255303045458740,107.499959,1,3,GPU-3bffd5d2-3e59-3525-6211-22749909c412,NVIDIA A800-SXM4-80GB,0,0,56999.00,24921.00,81920.00,69.5789,84.62
1788255303271992338,107.726493,0,2,GPU-cc78c145-d270-f184-90af-1b97451aa32b,NVIDIA A800-SXM4-80GB,0,0,57514.38,24405.62,81920.00,70.2080,83.20
1788255303271992338,107.726493,1,3,GPU-3bffd5d2-3e59-3525-6211-22749909c412,NVIDIA A800-SXM4-80GB,0,0,56999.00,24921.00,81920.00,69.5789,84.62
1788255303494402902,107.948903,0,2,GPU-cc78c145-d270-f184-90af-1b97451aa32b,NVIDIA A800-SXM4-80GB,0,0,57514.38,24405.62,81920.00,70.2080,83.20
1788255303494402902,107.948903,1,3,GPU-3bffd5d2-3e59-3525-6211-22749909c412,NVIDIA A800-SXM4-80GB,0,0,56999.00,24921.00,81920.00,69.5789,84.62
1788255303719895552,108.174396,0,2,GPU-cc78c145-d270-f184-90af-1b97451aa32b,NVIDIA A800-SXM4-80GB,0,0,57514.38,24405.62,81920.00,70.2080,83.11
1788255303719895552,108.174396,1,3,GPU-3bffd5d2-3e59-3525-6211-22749909c412,NVIDIA A800-SXM4-80GB,0,0,56999.00,24921.00,81920.00,69.5789,84.62
1788255303945908981,108.400409,0,2,GPU-cc78c145-d270-f184-90af-1b97451aa32b,NVIDIA A800-SXM4-80GB,0,0,57514.38,24405.62,81920.00,70.2080,83.11
1788255303945908981,108.400409,1,3,GPU-3bffd5d2-3e59-3525-6211-22749909c412,NVIDIA A800-SXM4-80GB,0,0,56999.00,24921.00,81920.00,69.5789,84.62
1788255304172231449,108.626732,0,2,GPU-cc78c145-d270-f184-90af-1b97451aa32b,NVIDIA A800-SXM4-80GB,0,0,57514.38,24405.62,81920.00,70.2080,83.11
1788255304172231449,108.626732,1,3,GPU-3bffd5d2-3e59-3525-6211-22749909c412,NVIDIA A800-SXM4-80GB,0,0,56999.00,24921.00,81920.00,69.5789,84.62
1788255304400407211,108.854908,0,2,GPU-cc78c145-d270-f184-90af-1b97451aa32b,NVIDIA A800-SXM4-80GB,0,0,57514.38,24405.62,81920.00,70.2080,83.20
1788255304400407211,108.854908,1,3,GPU-3bffd5d2-3e59-3525-6211-22749909c412,NVIDIA A800-SXM4-80GB,0,0,56999.00,24921.00,81920.00,69.5789,84.62
1788255304627270913,109.081772,0,2,GPU-cc78c145-d270-f184-90af-1b97451aa32b,NVIDIA A800-SXM4-80GB,0,0,57514.38,24405.62,81920.00,70.2080,83.11
1788255304627270913,109.081772,1,3,GPU-3bffd5d2-3e59-3525-6211-22749909c412,NVIDIA A800-SXM4-80GB,0,0,56999.00,24921.00,81920.00,69.5789,84.62
1788255304851427147,109.305928,0,2,GPU-cc78c145-d270-f184-90af-1b97451aa32b,NVIDIA A800-SXM4-80GB,0,0,57514.38,24405.62,81920.00,70.2080,83.20
1788255304851427147,109.305928,1,3,GPU-3bffd5d2-3e59-3525-6211-22749909c412,NVIDIA A800-SXM4-80GB,0,0,56999.00,24921.00,81920.00,69.5789,84.62
1788255305079506257,109.534007,0,2,GPU-cc78c145-d270-f184-90af-1b97451aa32b,NVIDIA A800-SXM4-80GB,0,0,57514.38,24405.62,81920.00,70.2080,83.11
1788255305079506257,109.534007,1,3,GPU-3bffd5d2-3e59-3525-6211-22749909c412,NVIDIA A800-SXM4-80GB,0,0,56999.00,24921.00,81920.00,69.5789,84.30
1788255305308252958,109.762753,0,2,GPU-cc78c145-d270-f184-90af-1b97451aa32b,NVIDIA A800-SXM4-80GB,0,0,57514.38,24405.62,81920.00,70.2080,83.11
1788255305308252958,109.762753,1,3,GPU-3bffd5d2-3e59-3525-6211-22749909c412,NVIDIA A800-SXM4-80GB,0,0,56999.00,24921.00,81920.00,69.5789,84.62
1788255305534744470,109.989246,0,2,GPU-cc78c145-d270-f184-90af-1b97451aa32b,NVIDIA A800-SXM4-80GB,0,0,57514.38,24405.62,81920.00,70.2080,83.11
1788255305534744470,109.989246,1,3,GPU-3bffd5d2-3e59-3525-6211-22749909c412,NVIDIA A800-SXM4-80GB,0,0,56999.00,24921.00,81920.00,69.5789,84.62
1788255305763158444,110.217659,0,2,GPU-cc78c145-d270-f184-90af-1b97451aa32b,NVIDIA A800-SXM4-80GB,0,0,57514.38,24405.62,81920.00,70.2080,83.20
1788255305763158444,110.217659,1,3,GPU-3bffd5d2-3e59-3525-6211-22749909c412,NVIDIA A800-SXM4-80GB,0,0,56999.00,24921.00,81920.00,69.5789,84.62
1788255305982489641,110.436991,0,2,GPU-cc78c145-d270-f184-90af-1b97451aa32b,NVIDIA A800-SXM4-80GB,0,0,57514.38,24405.62,81920.00,70.2080,83.20
1788255305982489641,110.436991,1,3,GPU-3bffd5d2-3e59-3525-6211-22749909c412,NVIDIA A800-SXM4-80GB,0,0,56999.00,24921.00,81920.00,69.5789,84.30
1788255306208622042,110.663123,0,2,GPU-cc78c145-d270-f184-90af-1b97451aa32b,NVIDIA A800-SXM4-80GB,0,0,57514.38,24405.62,81920.00,70.2080,83.20
1788255306208622042,110.663123,1,3,GPU-3bffd5d2-3e59-3525-6211-22749909c412,NVIDIA A800-SXM4-80GB,0,0,56999.00,24921.00,81920.00,69.5789,84.62
1788255306435022573,110.889523,0,2,GPU-cc78c145-d270-f184-90af-1b97451aa32b,NVIDIA A800-SXM4-80GB,0,0,57514.38,24405.62,81920.00,70.2080,83.20
1788255306435022573,110.889523,1,3,GPU-3bffd5d2-3e59-3525-6211-22749909c412,NVIDIA A800-SXM4-80GB,0,0,56999.00,24921.00,81920.00,69.5789,84.62
1788255306663135052,111.117635,0,2,GPU-cc78c145-d270-f184-90af-1b97451aa32b,NVIDIA A800-SXM4-80GB,0,0,57514.38,24405.62,81920.00,70.2080,83.20
1788255306663135052,111.117635,1,3,GPU-3bffd5d2-3e59-3525-6211-22749909c412,NVIDIA A800-SXM4-80GB,0,0,56999.00,24921.00,81920.00,69.5789,84.30
1788255306892337669,111.346838,0,2,GPU-cc78c145-d270-f184-90af-1b97451aa32b,NVIDIA A800-SXM4-80GB,0,0,57514.38,24405.62,81920.00,70.2080,83.20
1788255306892337669,111.346838,1,3,GPU-3bffd5d2-3e59-3525-6211-22749909c412,NVIDIA A800-SXM4-80GB,0,0,56999.00,24921.00,81920.00,69.5789,84.62
1788255307119697380,111.574198,0,2,GPU-cc78c145-d270-f184-90af-1b97451aa32b,NVIDIA A800-SXM4-80GB,0,0,57514.38,24405.62,81920.00,70.2080,83.11
1788255307119697380,111.574198,1,3,GPU-3bffd5d2-3e59-3525-6211-22749909c412,NVIDIA A800-SXM4-80GB,0,0,56999.00,24921.00,81920.00,69.5789,84.62
1788255307349052885,111.803553,0,2,GPU-cc78c145-d270-f184-90af-1b97451aa32b,NVIDIA A800-SXM4-80GB,0,0,57514.38,24405.62,81920.00,70.2080,83.11
1788255307349052885,111.803553,1,3,GPU-3bffd5d2-3e59-3525-6211-22749909c412,NVIDIA A800-SXM4-80GB,0,0,56999.00,24921.00,81920.00,69.5789,84.30
1788255307575074055,112.029575,0,2,GPU-cc78c145-d270-f184-90af-1b97451aa32b,NVIDIA A800-SXM4-80GB,0,0,57514.38,24405.62,81920.00,70.2080,83.20
1788255307575074055,112.029575,1,3,GPU-3bffd5d2-3e59-3525-6211-22749909c412,NVIDIA A800-SXM4-80GB,0,0,56999.00,24921.00,81920.00,69.5789,84.30
1788255307801300935,112.255801,0,2,GPU-cc78c145-d270-f184-90af-1b97451aa32b,NVIDIA A800-SXM4-80GB,0,0,57514.38,24405.62,81920.00,70.2080,83.20
1788255307801300935,112.255801,1,3,GPU-3bffd5d2-3e59-3525-6211-22749909c412,NVIDIA A800-SXM4-80GB,0,0,56999.00,24921.00,81920.00,69.5789,84.62
1788255308028331048,112.482831,0,2,GPU-cc78c145-d270-f184-90af-1b97451aa32b,NVIDIA A800-SXM4-80GB,0,0,57514.38,24405.62,81920.00,70.2080,83.20
1788255308028331048,112.482831,1,3,GPU-3bffd5d2-3e59-3525-6211-22749909c412,NVIDIA A800-SXM4-80GB,0,0,56999.00,24921.00,81920.00,69.5789,84.30
1788255308255936897,112.710438,0,2,GPU-cc78c145-d270-f184-90af-1b97451aa32b,NVIDIA A800-SXM4-80GB,0,0,57514.38,24405.62,81920.00,70.2080,83.20
1788255308255936897,112.710438,1,3,GPU-3bffd5d2-3e59-3525-6211-22749909c412,NVIDIA A800-SXM4-80GB,0,0,56999.00,24921.00,81920.00,69.5789,84.30
1788255308482768322,112.937269,0,2,GPU-cc78c145-d270-f184-90af-1b97451aa32b,NVIDIA A800-SXM4-80GB,0,0,57514.38,24405.62,81920.00,70.2080,83.20
1788255308482768322,112.937269,1,3,GPU-3bffd5d2-3e59-3525-6211-22749909c412,NVIDIA A800-SXM4-80GB,0,0,56999.00,24921.00,81920.00,69.5789,84.62
1788255308709140296,113.163641,0,2,GPU-cc78c145-d270-f184-90af-1b97451aa32b,NVIDIA A800-SXM4-80GB,0,0,57514.38,24405.62,81920.00,70.2080,83.20
1788255308709140296,113.163641,1,3,GPU-3bffd5d2-3e59-3525-6211-22749909c412,NVIDIA A800-SXM4-80GB,0,0,56999.00,24921.00,81920.00,69.5789,84.30
1788255308938145158,113.392646,0,2,GPU-cc78c145-d270-f184-90af-1b97451aa32b,NVIDIA A800-SXM4-80GB,0,0,57514.38,24405.62,81920.00,70.2080,83.11
1788255308938145158,113.392646,1,3,GPU-3bffd5d2-3e59-3525-6211-22749909c412,NVIDIA A800-SXM4-80GB,0,0,56999.00,24921.00,81920.00,69.5789,84.30
1788255309171689816,113.626190,0,2,GPU-cc78c145-d270-f184-90af-1b97451aa32b,NVIDIA A800-SXM4-80GB,0,0,57514.38,24405.62,81920.00,70.2080,83.11
1788255309171689816,113.626190,1,3,GPU-3bffd5d2-3e59-3525-6211-22749909c412,NVIDIA A800-SXM4-80GB,0,0,56999.00,24921.00,81920.00,69.5789,84.30
1788255309400003642,113.854504,0,2,GPU-cc78c145-d270-f184-90af-1b97451aa32b,NVIDIA A800-SXM4-80GB,0,0,57514.38,24405.62,81920.00,70.2080,83.20
1788255309400003642,113.854504,1,3,GPU-3bffd5d2-3e59-3525-6211-22749909c412,NVIDIA A800-SXM4-80GB,0,0,56999.00,24921.00,81920.00,69.5789,84.30
1788255309734115451,114.188616,0,2,GPU-cc78c145-d270-f184-90af-1b97451aa32b,NVIDIA A800-SXM4-80GB,0,0,57514.38,24405.62,81920.00,70.2080,83.20
1788255309734115451,114.188616,1,3,GPU-3bffd5d2-3e59-3525-6211-22749909c412,NVIDIA A800-SXM4-80GB,0,0,56999.00,24921.00,81920.00,69.5789,84.30
1788255309972094704,114.426595,0,2,GPU-cc78c145-d270-f184-90af-1b97451aa32b,NVIDIA A800-SXM4-80GB,0,0,57514.38,24405.62,81920.00,70.2080,83.20
1788255309972094704,114.426595,1,3,GPU-3bffd5d2-3e59-3525-6211-22749909c412,NVIDIA A800-SXM4-80GB,0,0,56999.00,24921.00,81920.00,69.5789,84.30
1788255310206723444,114.661224,0,2,GPU-cc78c145-d270-f184-90af-1b97451aa32b,NVIDIA A800-SXM4-80GB,0,0,57514.38,24405.62,81920.00,70.2080,83.11
1788255310206723444,114.661224,1,3,GPU-3bffd5d2-3e59-3525-6211-22749909c412,NVIDIA A800-SXM4-80GB,0,0,56999.00,24921.00,81920.00,69.5789,84.30
1788255310426922287,114.881423,0,2,GPU-cc78c145-d270-f184-90af-1b97451aa32b,NVIDIA A800-SXM4-80GB,0,0,57514.38,24405.62,81920.00,70.2080,83.11
1788255310426922287,114.881423,1,3,GPU-3bffd5d2-3e59-3525-6211-22749909c412,NVIDIA A800-SXM4-80GB,0,0,56999.00,24921.00,81920.00,69.5789,84.30
1788255310747881020,115.202381,0,2,GPU-cc78c145-d270-f184-90af-1b97451aa32b,NVIDIA A800-SXM4-80GB,0,0,57514.38,24405.62,81920.00,70.2080,83.11
1788255310747881020,115.202381,1,3,GPU-3bffd5d2-3e59-3525-6211-22749909c412,NVIDIA A800-SXM4-80GB,0,0,56999.00,24921.00,81920.00,69.5789,84.30
1788255311179773551,115.634274,0,2,GPU-cc78c145-d270-f184-90af-1b97451aa32b,NVIDIA A800-SXM4-80GB,0,0,57514.38,24405.62,81920.00,70.2080,83.11
1788255311179773551,115.634274,1,3,GPU-3bffd5d2-3e59-3525-6211-22749909c412,NVIDIA A800-SXM4-80GB,0,0,56999.00,24921.00,81920.00,69.5789,84.30
1788255311420991801,115.875493,0,2,GPU-cc78c145-d270-f184-90af-1b97451aa32b,NVIDIA A800-SXM4-80GB,0,0,57514.38,24405.62,81920.00,70.2080,83.11
1788255311420991801,115.875493,1,3,GPU-3bffd5d2-3e59-3525-6211-22749909c412,NVIDIA A800-SXM4-80GB,0,0,56999.00,24921.00,81920.00,69.5789,84.30
1788255311648735882,116.103237,0,2,GPU-cc78c145-d270-f184-90af-1b97451aa32b,NVIDIA A800-SXM4-80GB,0,0,57514.38,24405.62,81920.00,70.2080,83.11
1788255311648735882,116.103237,1,3,GPU-3bffd5d2-3e59-3525-6211-22749909c412,NVIDIA A800-SXM4-80GB,0,0,56999.00,24921.00,81920.00,69.5789,84.30
1788255311876183957,116.330685,0,2,GPU-cc78c145-d270-f184-90af-1b97451aa32b,NVIDIA A800-SXM4-80GB,0,0,57514.38,24405.62,81920.00,70.2080,83.11
1788255311876183957,116.330685,1,3,GPU-3bffd5d2-3e59-3525-6211-22749909c412,NVIDIA A800-SXM4-80GB,0,0,56999.00,24921.00,81920.00,69.5789,84.30
1788255312103001536,116.557502,0,2,GPU-cc78c145-d270-f184-90af-1b97451aa32b,NVIDIA A800-SXM4-80GB,0,0,57514.38,24405.62,81920.00,70.2080,83.11
1788255312103001536,116.557502,1,3,GPU-3bffd5d2-3e59-3525-6211-22749909c412,NVIDIA A800-SXM4-80GB,0,0,56999.00,24921.00,81920.00,69.5789,84.30
1788255312331669656,116.786170,0,2,GPU-cc78c145-d270-f184-90af-1b97451aa32b,NVIDIA A800-SXM4-80GB,0,0,57514.38,24405.62,81920.00,70.2080,83.11
1788255312331669656,116.786170,1,3,GPU-3bffd5d2-3e59-3525-6211-22749909c412,NVIDIA A800-SXM4-80GB,0,0,56999.00,24921.00,81920.00,69.5789,84.30
1788255312557220385,117.011721,0,2,GPU-cc78c145-d270-f184-90af-1b97451aa32b,NVIDIA A800-SXM4-80GB,0,0,57514.38,24405.62,81920.00,70.2080,83.11
1788255312557220385,117.011721,1,3,GPU-3bffd5d2-3e59-3525-6211-22749909c412,NVIDIA A800-SXM4-80GB,0,0,56999.00,24921.00,81920.00,69.5789,84.30
1788255312784752754,117.239253,0,2,GPU-cc78c145-d270-f184-90af-1b97451aa32b,NVIDIA A800-SXM4-80GB,0,0,57514.38,24405.62,81920.00,70.2080,83.11
1788255312784752754,117.239253,1,3,GPU-3bffd5d2-3e59-3525-6211-22749909c412,NVIDIA A800-SXM4-80GB,0,0,56999.00,24921.00,81920.00,69.5789,84.30
1788255313012747595,117.467248,0,2,GPU-cc78c145-d270-f184-90af-1b97451aa32b,NVIDIA A800-SXM4-80GB,0,0,57514.38,24405.62,81920.00,70.2080,83.11
1788255313012747595,117.467248,1,3,GPU-3bffd5d2-3e59-3525-6211-22749909c412,NVIDIA A800-SXM4-80GB,0,0,56999.00,24921.00,81920.00,69.5789,84.30
1788255313241447119,117.695948,0,2,GPU-cc78c145-d270-f184-90af-1b97451aa32b,NVIDIA A800-SXM4-80GB,0,0,57514.38,24405.62,81920.00,70.2080,83.11
1788255313241447119,117.695948,1,3,GPU-3bffd5d2-3e59-3525-6211-22749909c412,NVIDIA A800-SXM4-80GB,0,0,56999.00,24921.00,81920.00,69.5789,84.62
1788255313738242644,118.192743,0,2,GPU-cc78c145-d270-f184-90af-1b97451aa32b,NVIDIA A800-SXM4-80GB,0,0,57514.38,24405.62,81920.00,70.2080,83.11
1788255313738242644,118.192743,1,3,GPU-3bffd5d2-3e59-3525-6211-22749909c412,NVIDIA A800-SXM4-80GB,0,0,56999.00,24921.00,81920.00,69.5789,84.30
1788255313977736463,118.432237,0,2,GPU-cc78c145-d270-f184-90af-1b97451aa32b,NVIDIA A800-SXM4-80GB,0,0,57514.38,24405.62,81920.00,70.2080,83.11
1788255313977736463,118.432237,1,3,GPU-3bffd5d2-3e59-3525-6211-22749909c412,NVIDIA A800-SXM4-80GB,0,0,56999.00,24921.00,81920.00,69.5789,84.30
1788255314212627491,118.667128,0,2,GPU-cc78c145-d270-f184-90af-1b97451aa32b,NVIDIA A800-SXM4-80GB,0,0,57514.38,24405.62,81920.00,70.2080,83.11
1788255314212627491,118.667128,1,3,GPU-3bffd5d2-3e59-3525-6211-22749909c412,NVIDIA A800-SXM4-80GB,0,0,56999.00,24921.00,81920.00,69.5789,84.30
1788255314437888534,118.892389,0,2,GPU-cc78c145-d270-f184-90af-1b97451aa32b,NVIDIA A800-SXM4-80GB,0,0,57514.38,24405.62,81920.00,70.2080,82.79
1788255314437888534,118.892389,1,3,GPU-3bffd5d2-3e59-3525-6211-22749909c412,NVIDIA A800-SXM4-80GB,0,0,56999.00,24921.00,81920.00,69.5789,84.30
1788255314664017308,119.118518,0,2,GPU-cc78c145-d270-f184-90af-1b97451aa32b,NVIDIA A800-SXM4-80GB,0,0,57514.38,24405.62,81920.00,70.2080,83.11
1788255314664017308,119.118518,1,3,GPU-3bffd5d2-3e59-3525-6211-22749909c412,NVIDIA A800-SXM4-80GB,0,0,56999.00,24921.00,81920.00,69.5789,84.30
1788255314891336674,119.345837,0,2,GPU-cc78c145-d270-f184-90af-1b97451aa32b,NVIDIA A800-SXM4-80GB,0,0,57514.38,24405.62,81920.00,70.2080,83.11
1788255314891336674,119.345837,1,3,GPU-3bffd5d2-3e59-3525-6211-22749909c412,NVIDIA A800-SXM4-80GB,0,0,56999.00,24921.00,81920.00,69.5789,84.30
1788255315119294674,119.573795,0,2,GPU-cc78c145-d270-f184-90af-1b97451aa32b,NVIDIA A800-SXM4-80GB,0,0,57514.38,24405.62,81920.00,70.2080,83.11
1788255315119294674,119.573795,1,3,GPU-3bffd5d2-3e59-3525-6211-22749909c412,NVIDIA A800-SXM4-80GB,0,0,56999.00,24921.00,81920.00,69.5789,84.30
1788255315346979375,119.801480,0,2,GPU-cc78c145-d270-f184-90af-1b97451aa32b,NVIDIA A800-SXM4-80GB,0,0,57514.38,24405.62,81920.00,70.2080,82.79
1788255315346979375,119.801480,1,3,GPU-3bffd5d2-3e59-3525-6211-22749909c412,NVIDIA A800-SXM4-80GB,0,0,56999.00,24921.00,81920.00,69.5789,84.30
1788255315575104074,120.029605,0,2,GPU-cc78c145-d270-f184-90af-1b97451aa32b,NVIDIA A800-SXM4-80GB,0,0,57514.38,24405.62,81920.00,70.2080,82.79
1788255315575104074,120.029605,1,3,GPU-3bffd5d2-3e59-3525-6211-22749909c412,NVIDIA A800-SXM4-80GB,0,0,56999.00,24921.00,81920.00,69.5789,84.30
1788255315788047161,120.242548,0,2,GPU-cc78c145-d270-f184-90af-1b97451aa32b,NVIDIA A800-SXM4-80GB,0,0,57514.38,24405.62,81920.00,70.2080,83.11
1788255315788047161,120.242548,1,3,GPU-3bffd5d2-3e59-3525-6211-22749909c412,NVIDIA A800-SXM4-80GB,0,0,56999.00,24921.00,81920.00,69.5789,84.30
1788255316015465225,120.469966,0,2,GPU-cc78c145-d270-f184-90af-1b97451aa32b,NVIDIA A800-SXM4-80GB,0,0,57514.38,24405.62,81920.00,70.2080,82.79
1788255316015465225,120.469966,1,3,GPU-3bffd5d2-3e59-3525-6211-22749909c412,NVIDIA A800-SXM4-80GB,0,0,56999.00,24921.00,81920.00,69.5789,84.30
1788255316246513577,120.701015,0,2,GPU-cc78c145-d270-f184-90af-1b97451aa32b,NVIDIA A800-SXM4-80GB,0,0,57514.38,24405.62,81920.00,70.2080,83.11
1788255316246513577,120.701015,1,3,GPU-3bffd5d2-3e59-3525-6211-22749909c412,NVIDIA A800-SXM4-80GB,0,0,56999.00,24921.00,81920.00,69.5789,84.30
1788255316479525918,120.934027,0,2,GPU-cc78c145-d270-f184-90af-1b97451aa32b,NVIDIA A800-SXM4-80GB,0,0,57514.38,24405.62,81920.00,70.2080,83.11
1788255316479525918,120.934027,1,3,GPU-3bffd5d2-3e59-3525-6211-22749909c412,NVIDIA A800-SXM4-80GB,0,0,56999.00,24921.00,81920.00,69.5789,84.30
1788255316706877682,121.161378,0,2,GPU-cc78c145-d270-f184-90af-1b97451aa32b,NVIDIA A800-SXM4-80GB,0,0,57514.38,24405.62,81920.00,70.2080,83.11
1788255316706877682,121.161378,1,3,GPU-3bffd5d2-3e59-3525-6211-22749909c412,NVIDIA A800-SXM4-80GB,0,0,56999.00,24921.00,81920.00,69.5789,84.30
1788255316932796720,121.387297,0,2,GPU-cc78c145-d270-f184-90af-1b97451aa32b,NVIDIA A800-SXM4-80GB,0,0,57514.38,24405.62,81920.00,70.2080,82.79
1788255316932796720,121.387297,1,3,GPU-3bffd5d2-3e59-3525-6211-22749909c412,NVIDIA A800-SXM4-80GB,0,0,56999.00,24921.00,81920.00,69.5789,84.30
1788255317160344043,121.614845,0,2,GPU-cc78c145-d270-f184-90af-1b97451aa32b,NVIDIA A800-SXM4-80GB,0,0,57514.38,24405.62,81920.00,70.2080,83.11
1788255317160344043,121.614845,1,3,GPU-3bffd5d2-3e59-3525-6211-22749909c412,NVIDIA A800-SXM4-80GB,0,0,56999.00,24921.00,81920.00,69.5789,84.30
1788255317388319696,121.842820,0,2,GPU-cc78c145-d270-f184-90af-1b97451aa32b,NVIDIA A800-SXM4-80GB,0,0,57514.38,24405.62,81920.00,70.2080,82.79
1788255317388319696,121.842820,1,3,GPU-3bffd5d2-3e59-3525-6211-22749909c412,NVIDIA A800-SXM4-80GB,0,0,56999.00,24921.00,81920.00,69.5789,84.30
1788255317617456806,122.071957,0,2,GPU-cc78c145-d270-f184-90af-1b97451aa32b,NVIDIA A800-SXM4-80GB,0,0,57514.38,24405.62,81920.00,70.2080,83.11
1788255317617456806,122.071957,1,3,GPU-3bffd5d2-3e59-3525-6211-22749909c412,NVIDIA A800-SXM4-80GB,0,0,56999.00,24921.00,81920.00,69.5789,84.30
1788255317922929058,122.377430,0,2,GPU-cc78c145-d270-f184-90af-1b97451aa32b,NVIDIA A800-SXM4-80GB,0,0,57514.38,24405.62,81920.00,70.2080,82.79
1788255317922929058,122.377430,1,3,GPU-3bffd5d2-3e59-3525-6211-22749909c412,NVIDIA A800-SXM4-80GB,0,0,56999.00,24921.00,81920.00,69.5789,84.30
1788255318150503032,122.605004,0,2,GPU-cc78c145-d270-f184-90af-1b97451aa32b,NVIDIA A800-SXM4-80GB,0,0,57514.38,24405.62,81920.00,70.2080,82.79
1788255318150503032,122.605004,1,3,GPU-3bffd5d2-3e59-3525-6211-22749909c412,NVIDIA A800-SXM4-80GB,0,0,56999.00,24921.00,81920.00,69.5789,84.30
1788255318377798609,122.832299,0,2,GPU-cc78c145-d270-f184-90af-1b97451aa32b,NVIDIA A800-SXM4-80GB,0,0,57514.38,24405.62,81920.00,70.2080,82.79
1788255318377798609,122.832299,1,3,GPU-3bffd5d2-3e59-3525-6211-22749909c412,NVIDIA A800-SXM4-80GB,0,0,56999.00,24921.00,81920.00,69.5789,84.30
1788255318604812542,123.059313,0,2,GPU-cc78c145-d270-f184-90af-1b97451aa32b,NVIDIA A800-SXM4-80GB,0,0,57514.38,24405.62,81920.00,70.2080,82.79
1788255318604812542,123.059313,1,3,GPU-3bffd5d2-3e59-3525-6211-22749909c412,NVIDIA A800-SXM4-80GB,0,0,56999.00,24921.00,81920.00,69.5789,84.30
1788255318831931040,123.286432,0,2,GPU-cc78c145-d270-f184-90af-1b97451aa32b,NVIDIA A800-SXM4-80GB,0,0,57514.38,24405.62,81920.00,70.2080,82.79
1788255318831931040,123.286432,1,3,GPU-3bffd5d2-3e59-3525-6211-22749909c412,NVIDIA A800-SXM4-80GB,0,0,56999.00,24921.00,81920.00,69.5789,84.30
1788255319059192673,123.513694,0,2,GPU-cc78c145-d270-f184-90af-1b97451aa32b,NVIDIA A800-SXM4-80GB,0,0,57514.38,24405.62,81920.00,70.2080,82.79
1788255319059192673,123.513694,1,3,GPU-3bffd5d2-3e59-3525-6211-22749909c412,NVIDIA A800-SXM4-80GB,0,0,56999.00,24921.00,81920.00,69.5789,84.30
1788255319286077479,123.740579,0,2,GPU-cc78c145-d270-f184-90af-1b97451aa32b,NVIDIA A800-SXM4-80GB,0,0,57514.38,24405.62,81920.00,70.2080,82.79
1788255319286077479,123.740579,1,3,GPU-3bffd5d2-3e59-3525-6211-22749909c412,NVIDIA A800-SXM4-80GB,0,0,56999.00,24921.00,81920.00,69.5789,84.30
1788255319515938069,123.970439,0,2,GPU-cc78c145-d270-f184-90af-1b97451aa32b,NVIDIA A800-SXM4-80GB,0,0,57514.38,24405.62,81920.00,70.2080,82.79
1788255319515938069,123.970439,1,3,GPU-3bffd5d2-3e59-3525-6211-22749909c412,NVIDIA A800-SXM4-80GB,0,0,56999.00,24921.00,81920.00,69.5789,84.30
1788255319742938403,124.197439,0,2,GPU-cc78c145-d270-f184-90af-1b97451aa32b,NVIDIA A800-SXM4-80GB,0,0,57514.38,24405.62,81920.00,70.2080,82.79
1788255319742938403,124.197439,1,3,GPU-3bffd5d2-3e59-3525-6211-22749909c412,NVIDIA A800-SXM4-80GB,0,0,56999.00,24921.00,81920.00,69.5789,84.30
1788255319969839210,124.424340,0,2,GPU-cc78c145-d270-f184-90af-1b97451aa32b,NVIDIA A800-SXM4-80GB,0,0,57514.38,24405.62,81920.00,70.2080,82.79
1788255319969839210,124.424340,1,3,GPU-3bffd5d2-3e59-3525-6211-22749909c412,NVIDIA A800-SXM4-80GB,0,0,56999.00,24921.00,81920.00,69.5789,84.30
1788255320199047528,124.653548,0,2,GPU-cc78c145-d270-f184-90af-1b97451aa32b,NVIDIA A800-SXM4-80GB,0,0,57514.38,24405.62,81920.00,70.2080,82.79
1788255320199047528,124.653548,1,3,GPU-3bffd5d2-3e59-3525-6211-22749909c412,NVIDIA A800-SXM4-80GB,0,0,56999.00,24921.00,81920.00,69.5789,84.30
1788255320429647365,124.884148,0,2,GPU-cc78c145-d270-f184-90af-1b97451aa32b,NVIDIA A800-SXM4-80GB,0,0,57514.38,24405.62,81920.00,70.2080,82.79
1788255320429647365,124.884148,1,3,GPU-3bffd5d2-3e59-3525-6211-22749909c412,NVIDIA A800-SXM4-80GB,0,0,56999.00,24921.00,81920.00,69.5789,84.30
1788255320658158069,125.112659,0,2,GPU-cc78c145-d270-f184-90af-1b97451aa32b,NVIDIA A800-SXM4-80GB,0,0,57514.38,24405.62,81920.00,70.2080,82.79
1788255320658158069,125.112659,1,3,GPU-3bffd5d2-3e59-3525-6211-22749909c412,NVIDIA A800-SXM4-80GB,0,0,56999.00,24921.00,81920.00,69.5789,84.30
1788255320883545505,125.338046,0,2,GPU-cc78c145-d270-f184-90af-1b97451aa32b,NVIDIA A800-SXM4-80GB,0,0,57514.38,24405.62,81920.00,70.2080,82.79
1788255320883545505,125.338046,1,3,GPU-3bffd5d2-3e59-3525-6211-22749909c412,NVIDIA A800-SXM4-80GB,0,0,56999.00,24921.00,81920.00,69.5789,84.30
1788255321104077504,125.558578,0,2,GPU-cc78c145-d270-f184-90af-1b97451aa32b,NVIDIA A800-SXM4-80GB,0,0,57514.38,24405.62,81920.00,70.2080,82.79
1788255321104077504,125.558578,1,3,GPU-3bffd5d2-3e59-3525-6211-22749909c412,NVIDIA A800-SXM4-80GB,0,0,56999.00,24921.00,81920.00,69.5789,84.30
1788255321332032700,125.786534,0,2,GPU-cc78c145-d270-f184-90af-1b97451aa32b,NVIDIA A800-SXM4-80GB,0,0,57514.38,24405.62,81920.00,70.2080,82.79
1788255321332032700,125.786534,1,3,GPU-3bffd5d2-3e59-3525-6211-22749909c412,NVIDIA A800-SXM4-80GB,0,0,56999.00,24921.00,81920.00,69.5789,84.30
1788255321559533542,126.014034,0,2,GPU-cc78c145-d270-f184-90af-1b97451aa32b,NVIDIA A800-SXM4-80GB,0,0,57514.38,24405.62,81920.00,70.2080,82.79
1788255321559533542,126.014034,1,3,GPU-3bffd5d2-3e59-3525-6211-22749909c412,NVIDIA A800-SXM4-80GB,0,0,56999.00,24921.00,81920.00,69.5789,84.21
1788255321786569869,126.241071,0,2,GPU-cc78c145-d270-f184-90af-1b97451aa32b,NVIDIA A800-SXM4-80GB,0,0,57514.38,24405.62,81920.00,70.2080,82.79
1788255321786569869,126.241071,1,3,GPU-3bffd5d2-3e59-3525-6211-22749909c412,NVIDIA A800-SXM4-80GB,0,0,56999.00,24921.00,81920.00,69.5789,84.30
1788255322014442882,126.468944,0,2,GPU-cc78c145-d270-f184-90af-1b97451aa32b,NVIDIA A800-SXM4-80GB,0,0,57514.38,24405.62,81920.00,70.2080,82.79
1788255322014442882,126.468944,1,3,GPU-3bffd5d2-3e59-3525-6211-22749909c412,NVIDIA A800-SXM4-80GB,0,0,56999.00,24921.00,81920.00,69.5789,84.30
1788255322241247929,126.695749,0,2,GPU-cc78c145-d270-f184-90af-1b97451aa32b,NVIDIA A800-SXM4-80GB,0,0,57514.38,24405.62,81920.00,70.2080,82.79
1788255322241247929,126.695749,1,3,GPU-3bffd5d2-3e59-3525-6211-22749909c412,NVIDIA A800-SXM4-80GB,0,0,56999.00,24921.00,81920.00,69.5789,84.30
1788255322469667214,126.924168,0,2,GPU-cc78c145-d270-f184-90af-1b97451aa32b,NVIDIA A800-SXM4-80GB,0,0,57514.38,24405.62,81920.00,70.2080,82.79
1788255322469667214,126.924168,1,3,GPU-3bffd5d2-3e59-3525-6211-22749909c412,NVIDIA A800-SXM4-80GB,0,0,56999.00,24921.00,81920.00,69.5789,84.30
1788255322704360984,127.158862,0,2,GPU-cc78c145-d270-f184-90af-1b97451aa32b,NVIDIA A800-SXM4-80GB,0,0,57514.38,24405.62,81920.00,70.2080,82.79
1788255322704360984,127.158862,1,3,GPU-3bffd5d2-3e59-3525-6211-22749909c412,NVIDIA A800-SXM4-80GB,0,0,56999.00,24921.00,81920.00,69.5789,84.30
1788255322932905016,127.387405,0,2,GPU-cc78c145-d270-f184-90af-1b97451aa32b,NVIDIA A800-SXM4-80GB,0,0,57514.38,24405.62,81920.00,70.2080,82.79
1788255322932905016,127.387405,1,3,GPU-3bffd5d2-3e59-3525-6211-22749909c412,NVIDIA A800-SXM4-80GB,0,0,56999.00,24921.00,81920.00,69.5789,84.30
1788255323159863049,127.614364,0,2,GPU-cc78c145-d270-f184-90af-1b97451aa32b,NVIDIA A800-SXM4-80GB,0,0,57514.38,24405.62,81920.00,70.2080,82.79
1788255323159863049,127.614364,1,3,GPU-3bffd5d2-3e59-3525-6211-22749909c412,NVIDIA A800-SXM4-80GB,0,0,56999.00,24921.00,81920.00,69.5789,84.30
1788255323386097524,127.840598,0,2,GPU-cc78c145-d270-f184-90af-1b97451aa32b,NVIDIA A800-SXM4-80GB,0,0,57514.38,24405.62,81920.00,70.2080,82.79
1788255323386097524,127.840598,1,3,GPU-3bffd5d2-3e59-3525-6211-22749909c412,NVIDIA A800-SXM4-80GB,0,0,56999.00,24921.00,81920.00,69.5789,84.30
1788255323613299466,128.067800,0,2,GPU-cc78c145-d270-f184-90af-1b97451aa32b,NVIDIA A800-SXM4-80GB,0,0,57514.38,24405.62,81920.00,70.2080,82.79
1788255323613299466,128.067800,1,3,GPU-3bffd5d2-3e59-3525-6211-22749909c412,NVIDIA A800-SXM4-80GB,0,0,56999.00,24921.00,81920.00,69.5789,84.30
1788255323839803475,128.294304,0,2,GPU-cc78c145-d270-f184-90af-1b97451aa32b,NVIDIA A800-SXM4-80GB,0,0,57514.38,24405.62,81920.00,70.2080,82.79
1788255323839803475,128.294304,1,3,GPU-3bffd5d2-3e59-3525-6211-22749909c412,NVIDIA A800-SXM4-80GB,0,0,56999.00,24921.00,81920.00,69.5789,84.30
1788255324066784958,128.521286,0,2,GPU-cc78c145-d270-f184-90af-1b97451aa32b,NVIDIA A800-SXM4-80GB,0,0,57514.38,24405.62,81920.00,70.2080,82.79
1788255324066784958,128.521286,1,3,GPU-3bffd5d2-3e59-3525-6211-22749909c412,NVIDIA A800-SXM4-80GB,0,0,56999.00,24921.00,81920.00,69.5789,84.30
1788255324290153281,128.744654,0,2,GPU-cc78c145-d270-f184-90af-1b97451aa32b,NVIDIA A800-SXM4-80GB,0,0,57514.38,24405.62,81920.00,70.2080,82.79
1788255324290153281,128.744654,1,3,GPU-3bffd5d2-3e59-3525-6211-22749909c412,NVIDIA A800-SXM4-80GB,0,0,56999.00,24921.00,81920.00,69.5789,84.30
1788255324517455707,128.971957,0,2,GPU-cc78c145-d270-f184-90af-1b97451aa32b,NVIDIA A800-SXM4-80GB,0,0,57514.38,24405.62,81920.00,70.2080,82.79
1788255324517455707,128.971957,1,3,GPU-3bffd5d2-3e59-3525-6211-22749909c412,NVIDIA A800-SXM4-80GB,0,0,56999.00,24921.00,81920.00,69.5789,84.30
1788255324743892260,129.198393,0,2,GPU-cc78c145-d270-f184-90af-1b97451aa32b,NVIDIA A800-SXM4-80GB,0,0,57514.38,24405.62,81920.00,70.2080,82.79
1788255324743892260,129.198393,1,3,GPU-3bffd5d2-3e59-3525-6211-22749909c412,NVIDIA A800-SXM4-80GB,0,0,56999.00,24921.00,81920.00,69.5789,84.30
1788255324972216410,129.426717,0,2,GPU-cc78c145-d270-f184-90af-1b97451aa32b,NVIDIA A800-SXM4-80GB,0,0,57514.38,24405.62,81920.00,70.2080,82.79
1788255324972216410,129.426717,1,3,GPU-3bffd5d2-3e59-3525-6211-22749909c412,NVIDIA A800-SXM4-80GB,0,0,56999.00,24921.00,81920.00,69.5789,84.30
1788255325200286984,129.654788,0,2,GPU-cc78c145-d270-f184-90af-1b97451aa32b,NVIDIA A800-SXM4-80GB,0,0,57514.38,24405.62,81920.00,70.2080,82.79
1788255325200286984,129.654788,1,3,GPU-3bffd5d2-3e59-3525-6211-22749909c412,NVIDIA A800-SXM4-80GB,0,0,56999.00,24921.00,81920.00,69.5789,84.30
1788255325423804249,129.878306,0,2,GPU-cc78c145-d270-f184-90af-1b97451aa32b,NVIDIA A800-SXM4-80GB,0,0,57514.38,24405.62,81920.00,70.2080,82.79
1788255325423804249,129.878306,1,3,GPU-3bffd5d2-3e59-3525-6211-22749909c412,NVIDIA A800-SXM4-80GB,0,0,56999.00,24921.00,81920.00,69.5789,84.30
1788255325650169471,130.104671,0,2,GPU-cc78c145-d270-f184-90af-1b97451aa32b,NVIDIA A800-SXM4-80GB,0,0,57514.38,24405.62,81920.00,70.2080,82.79
1788255325650169471,130.104671,1,3,GPU-3bffd5d2-3e59-3525-6211-22749909c412,NVIDIA A800-SXM4-80GB,0,0,56999.00,24921.00,81920.00,69.5789,84.30
1788255325876804608,130.331305,0,2,GPU-cc78c145-d270-f184-90af-1b97451aa32b,NVIDIA A800-SXM4-80GB,0,0,57514.38,24405.62,81920.00,70.2080,84.30
1788255325876804608,130.331305,1,3,GPU-3bffd5d2-3e59-3525-6211-22749909c412,NVIDIA A800-SXM4-80GB,0,0,56999.00,24921.00,81920.00,69.5789,84.30
1788255326098845199,130.553346,0,2,GPU-cc78c145-d270-f184-90af-1b97451aa32b,NVIDIA A800-SXM4-80GB,0,0,57514.38,24405.62,81920.00,70.2080,84.30
1788255326098845199,130.553346,1,3,GPU-3bffd5d2-3e59-3525-6211-22749909c412,NVIDIA A800-SXM4-80GB,0,0,56999.00,24921.00,81920.00,69.5789,84.30
1788255326324863739,130.779365,0,2,GPU-cc78c145-d270-f184-90af-1b97451aa32b,NVIDIA A800-SXM4-80GB,0,0,57514.38,24405.62,81920.00,70.2080,84.30
1788255326324863739,130.779365,1,3,GPU-3bffd5d2-3e59-3525-6211-22749909c412,NVIDIA A800-SXM4-80GB,0,0,56999.00,24921.00,81920.00,69.5789,84.30
1788255326552504782,131.007005,0,2,GPU-cc78c145-d270-f184-90af-1b97451aa32b,NVIDIA A800-SXM4-80GB,0,0,57514.38,24405.62,81920.00,70.2080,84.30
1788255326552504782,131.007005,1,3,GPU-3bffd5d2-3e59-3525-6211-22749909c412,NVIDIA A800-SXM4-80GB,0,0,56999.00,24921.00,81920.00,69.5789,84.30
1788255326779933657,131.234434,0,2,GPU-cc78c145-d270-f184-90af-1b97451aa32b,NVIDIA A800-SXM4-80GB,0,0,57514.38,24405.62,81920.00,70.2080,84.30
1788255326779933657,131.234434,1,3,GPU-3bffd5d2-3e59-3525-6211-22749909c412,NVIDIA A800-SXM4-80GB,0,0,56999.00,24921.00,81920.00,69.5789,84.30
1788255327007829326,131.462330,0,2,GPU-cc78c145-d270-f184-90af-1b97451aa32b,NVIDIA A800-SXM4-80GB,0,0,57514.38,24405.62,81920.00,70.2080,84.30
1788255327007829326,131.462330,1,3,GPU-3bffd5d2-3e59-3525-6211-22749909c412,NVIDIA A800-SXM4-80GB,0,0,56999.00,24921.00,81920.00,69.5789,84.21
1788255327236617352,131.691118,0,2,GPU-cc78c145-d270-f184-90af-1b97451aa32b,NVIDIA A800-SXM4-80GB,0,0,57514.38,24405.62,81920.00,70.2080,84.30
1788255327236617352,131.691118,1,3,GPU-3bffd5d2-3e59-3525-6211-22749909c412,NVIDIA A800-SXM4-80GB,0,0,56999.00,24921.00,81920.00,69.5789,84.30
1788255327461096055,131.915597,0,2,GPU-cc78c145-d270-f184-90af-1b97451aa32b,NVIDIA A800-SXM4-80GB,0,0,57514.38,24405.62,81920.00,70.2080,84.30
1788255327461096055,131.915597,1,3,GPU-3bffd5d2-3e59-3525-6211-22749909c412,NVIDIA A800-SXM4-80GB,0,0,56999.00,24921.00,81920.00,69.5789,84.21
1788255327691015896,132.145517,0,2,GPU-cc78c145-d270-f184-90af-1b97451aa32b,NVIDIA A800-SXM4-80GB,0,0,57514.38,24405.62,81920.00,70.2080,84.30
1788255327691015896,132.145517,1,3,GPU-3bffd5d2-3e59-3525-6211-22749909c412,NVIDIA A800-SXM4-80GB,0,0,56999.00,24921.00,81920.00,69.5789,84.21
1788255327925865356,132.380366,0,2,GPU-cc78c145-d270-f184-90af-1b97451aa32b,NVIDIA A800-SXM4-80GB,0,0,57514.38,24405.62,81920.00,70.2080,84.30
1788255327925865356,132.380366,1,3,GPU-3bffd5d2-3e59-3525-6211-22749909c412,NVIDIA A800-SXM4-80GB,0,0,56999.00,24921.00,81920.00,69.5789,84.21
1788255328153061475,132.607562,0,2,GPU-cc78c145-d270-f184-90af-1b97451aa32b,NVIDIA A800-SXM4-80GB,0,0,57514.38,24405.62,81920.00,70.2080,84.30
1788255328153061475,132.607562,1,3,GPU-3bffd5d2-3e59-3525-6211-22749909c412,NVIDIA A800-SXM4-80GB,0,0,56999.00,24921.00,81920.00,69.5789,84.21
1788255328378889094,132.833390,0,2,GPU-cc78c145-d270-f184-90af-1b97451aa32b,NVIDIA A800-SXM4-80GB,0,0,57514.38,24405.62,81920.00,70.2080,84.30
1788255328378889094,132.833390,1,3,GPU-3bffd5d2-3e59-3525-6211-22749909c412,NVIDIA A800-SXM4-80GB,0,0,56999.00,24921.00,81920.00,69.5789,83.94
1788255328597031449,133.051532,0,2,GPU-cc78c145-d270-f184-90af-1b97451aa32b,NVIDIA A800-SXM4-80GB,0,0,57514.38,24405.62,81920.00,70.2080,84.30
1788255328597031449,133.051532,1,3,GPU-3bffd5d2-3e59-3525-6211-22749909c412,NVIDIA A800-SXM4-80GB,0,0,56999.00,24921.00,81920.00,69.5789,84.30
1788255328825405057,133.279907,0,2,GPU-cc78c145-d270-f184-90af-1b97451aa32b,NVIDIA A800-SXM4-80GB,0,0,57514.38,24405.62,81920.00,70.2080,84.30
1788255328825405057,133.279907,1,3,GPU-3bffd5d2-3e59-3525-6211-22749909c412,NVIDIA A800-SXM4-80GB,0,0,56999.00,24921.00,81920.00,69.5789,84.30
1788255329052878858,133.507380,0,2,GPU-cc78c145-d270-f184-90af-1b97451aa32b,NVIDIA A800-SXM4-80GB,0,0,57514.38,24405.62,81920.00,70.2080,84.30
1788255329052878858,133.507380,1,3,GPU-3bffd5d2-3e59-3525-6211-22749909c412,NVIDIA A800-SXM4-80GB,0,0,56999.00,24921.00,81920.00,69.5789,84.21
1788255329279072327,133.733573,0,2,GPU-cc78c145-d270-f184-90af-1b97451aa32b,NVIDIA A800-SXM4-80GB,0,0,57514.38,24405.62,81920.00,70.2080,84.30
1788255329279072327,133.733573,1,3,GPU-3bffd5d2-3e59-3525-6211-22749909c412,NVIDIA A800-SXM4-80GB,0,0,56999.00,24921.00,81920.00,69.5789,83.94
1788255329505770380,133.960271,0,2,GPU-cc78c145-d270-f184-90af-1b97451aa32b,NVIDIA A800-SXM4-80GB,0,0,57514.38,24405.62,81920.00,70.2080,84.30
1788255329505770380,133.960271,1,3,GPU-3bffd5d2-3e59-3525-6211-22749909c412,NVIDIA A800-SXM4-80GB,0,0,56999.00,24921.00,81920.00,69.5789,83.94
1788255329732883966,134.187385,0,2,GPU-cc78c145-d270-f184-90af-1b97451aa32b,NVIDIA A800-SXM4-80GB,0,0,57514.38,24405.62,81920.00,70.2080,84.30
1788255329732883966,134.187385,1,3,GPU-3bffd5d2-3e59-3525-6211-22749909c412,NVIDIA A800-SXM4-80GB,0,0,56999.00,24921.00,81920.00,69.5789,84.30
1788255329968217008,134.422718,0,2,GPU-cc78c145-d270-f184-90af-1b97451aa32b,NVIDIA A800-SXM4-80GB,0,0,57514.38,24405.62,81920.00,70.2080,84.30
1788255329968217008,134.422718,1,3,GPU-3bffd5d2-3e59-3525-6211-22749909c412,NVIDIA A800-SXM4-80GB,0,0,56999.00,24921.00,81920.00,69.5789,84.03
1788255330195424343,134.649925,0,2,GPU-cc78c145-d270-f184-90af-1b97451aa32b,NVIDIA A800-SXM4-80GB,0,0,57514.38,24405.62,81920.00,70.2080,84.30
1788255330195424343,134.649925,1,3,GPU-3bffd5d2-3e59-3525-6211-22749909c412,NVIDIA A800-SXM4-80GB,0,0,56999.00,24921.00,81920.00,69.5789,83.94
1788255330420156574,134.874657,0,2,GPU-cc78c145-d270-f184-90af-1b97451aa32b,NVIDIA A800-SXM4-80GB,0,0,57514.38,24405.62,81920.00,70.2080,84.30
1788255330420156574,134.874657,1,3,GPU-3bffd5d2-3e59-3525-6211-22749909c412,NVIDIA A800-SXM4-80GB,0,0,56999.00,24921.00,81920.00,69.5789,84.21
1788255330643898160,135.098399,0,2,GPU-cc78c145-d270-f184-90af-1b97451aa32b,NVIDIA A800-SXM4-80GB,0,0,57514.38,24405.62,81920.00,70.2080,84.30
1788255330643898160,135.098399,1,3,GPU-3bffd5d2-3e59-3525-6211-22749909c412,NVIDIA A800-SXM4-80GB,0,0,56999.00,24921.00,81920.00,69.5789,84.30
1788255330869457795,135.323958,0,2,GPU-cc78c145-d270-f184-90af-1b97451aa32b,NVIDIA A800-SXM4-80GB,0,0,57514.38,24405.62,81920.00,70.2080,84.30
1788255330869457795,135.323958,1,3,GPU-3bffd5d2-3e59-3525-6211-22749909c412,NVIDIA A800-SXM4-80GB,0,0,56999.00,24921.00,81920.00,69.5789,84.03
1788255331096863581,135.551364,0,2,GPU-cc78c145-d270-f184-90af-1b97451aa32b,NVIDIA A800-SXM4-80GB,0,0,57514.38,24405.62,81920.00,70.2080,84.30
1788255331096863581,135.551364,1,3,GPU-3bffd5d2-3e59-3525-6211-22749909c412,NVIDIA A800-SXM4-80GB,0,0,56999.00,24921.00,81920.00,69.5789,83.94
1788255331324155388,135.778656,0,2,GPU-cc78c145-d270-f184-90af-1b97451aa32b,NVIDIA A800-SXM4-80GB,0,0,57514.38,24405.62,81920.00,70.2080,84.30
1788255331324155388,135.778656,1,3,GPU-3bffd5d2-3e59-3525-6211-22749909c412,NVIDIA A800-SXM4-80GB,0,0,56999.00,24921.00,81920.00,69.5789,83.94
1788255331550429502,136.004930,0,2,GPU-cc78c145-d270-f184-90af-1b97451aa32b,NVIDIA A800-SXM4-80GB,0,0,57514.38,24405.62,81920.00,70.2080,84.30
1788255331550429502,136.004930,1,3,GPU-3bffd5d2-3e59-3525-6211-22749909c412,NVIDIA A800-SXM4-80GB,0,0,56999.00,24921.00,81920.00,69.5789,84.03
1788255331767769148,136.222270,0,2,GPU-cc78c145-d270-f184-90af-1b97451aa32b,NVIDIA A800-SXM4-80GB,0,0,57514.38,24405.62,81920.00,70.2080,84.30
1788255331767769148,136.222270,1,3,GPU-3bffd5d2-3e59-3525-6211-22749909c412,NVIDIA A800-SXM4-80GB,0,0,56999.00,24921.00,81920.00,69.5789,83.94
1788255331994359837,136.448861,0,2,GPU-cc78c145-d270-f184-90af-1b97451aa32b,NVIDIA A800-SXM4-80GB,0,0,57514.38,24405.62,81920.00,70.2080,84.30
1788255331994359837,136.448861,1,3,GPU-3bffd5d2-3e59-3525-6211-22749909c412,NVIDIA A800-SXM4-80GB,0,0,56999.00,24921.00,81920.00,69.5789,84.21
1788255332222460010,136.676961,0,2,GPU-cc78c145-d270-f184-90af-1b97451aa32b,NVIDIA A800-SXM4-80GB,0,0,57514.38,24405.62,81920.00,70.2080,84.30
1788255332222460010,136.676961,1,3,GPU-3bffd5d2-3e59-3525-6211-22749909c412,NVIDIA A800-SXM4-80GB,0,0,56999.00,24921.00,81920.00,69.5789,84.03
1788255332450840868,136.905341,0,2,GPU-cc78c145-d270-f184-90af-1b97451aa32b,NVIDIA A800-SXM4-80GB,0,0,57514.38,24405.62,81920.00,70.2080,84.30
1788255332450840868,136.905341,1,3,GPU-3bffd5d2-3e59-3525-6211-22749909c412,NVIDIA A800-SXM4-80GB,0,0,56999.00,24921.00,81920.00,69.5789,84.03
1788255332678189174,137.132691,0,2,GPU-cc78c145-d270-f184-90af-1b97451aa32b,NVIDIA A800-SXM4-80GB,0,0,57514.38,24405.62,81920.00,70.2080,84.30
1788255332678189174,137.132691,1,3,GPU-3bffd5d2-3e59-3525-6211-22749909c412,NVIDIA A800-SXM4-80GB,0,0,56999.00,24921.00,81920.00,69.5789,84.03
1788255332906759611,137.361261,0,2,GPU-cc78c145-d270-f184-90af-1b97451aa32b,NVIDIA A800-SXM4-80GB,0,0,57514.38,24405.62,81920.00,70.2080,84.30
1788255332906759611,137.361261,1,3,GPU-3bffd5d2-3e59-3525-6211-22749909c412,NVIDIA A800-SXM4-80GB,0,0,56999.00,24921.00,81920.00,69.5789,84.30
1788255333139109933,137.593610,0,2,GPU-cc78c145-d270-f184-90af-1b97451aa32b,NVIDIA A800-SXM4-80GB,0,0,57514.38,24405.62,81920.00,70.2080,84.30
1788255333139109933,137.593610,1,3,GPU-3bffd5d2-3e59-3525-6211-22749909c412,NVIDIA A800-SXM4-80GB,0,0,56999.00,24921.00,81920.00,69.5789,84.03
1788255333363943279,137.818444,0,2,GPU-cc78c145-d270-f184-90af-1b97451aa32b,NVIDIA A800-SXM4-80GB,0,0,57514.38,24405.62,81920.00,70.2080,84.03
1788255333363943279,137.818444,1,3,GPU-3bffd5d2-3e59-3525-6211-22749909c412,NVIDIA A800-SXM4-80GB,0,0,56999.00,24921.00,81920.00,69.5789,83.94
1788255333592060577,138.046561,0,2,GPU-cc78c145-d270-f184-90af-1b97451aa32b,NVIDIA A800-SXM4-80GB,0,0,57514.38,24405.62,81920.00,70.2080,84.30
1788255333592060577,138.046561,1,3,GPU-3bffd5d2-3e59-3525-6211-22749909c412,NVIDIA A800-SXM4-80GB,0,0,56999.00,24921.00,81920.00,69.5789,83.94
1788255333819268107,138.273769,0,2,GPU-cc78c145-d270-f184-90af-1b97451aa32b,NVIDIA A800-SXM4-80GB,0,0,57514.38,24405.62,81920.00,70.2080,84.30
1788255333819268107,138.273769,1,3,GPU-3bffd5d2-3e59-3525-6211-22749909c412,NVIDIA A800-SXM4-80GB,0,0,56999.00,24921.00,81920.00,69.5789,83.94
1788255334045882500,138.500383,0,2,GPU-cc78c145-d270-f184-90af-1b97451aa32b,NVIDIA A800-SXM4-80GB,0,0,57514.38,24405.62,81920.00,70.2080,84.30
1788255334045882500,138.500383,1,3,GPU-3bffd5d2-3e59-3525-6211-22749909c412,NVIDIA A800-SXM4-80GB,0,0,56999.00,24921.00,81920.00,69.5789,83.94
1788255334272630343,138.727131,0,2,GPU-cc78c145-d270-f184-90af-1b97451aa32b,NVIDIA A800-SXM4-80GB,0,0,57514.38,24405.62,81920.00,70.2080,84.30
1788255334272630343,138.727131,1,3,GPU-3bffd5d2-3e59-3525-6211-22749909c412,NVIDIA A800-SXM4-80GB,0,0,56999.00,24921.00,81920.00,69.5789,84.21
1788255334500752392,138.955253,0,2,GPU-cc78c145-d270-f184-90af-1b97451aa32b,NVIDIA A800-SXM4-80GB,0,0,57514.38,24405.62,81920.00,70.2080,84.30
1788255334500752392,138.955253,1,3,GPU-3bffd5d2-3e59-3525-6211-22749909c412,NVIDIA A800-SXM4-80GB,0,0,56999.00,24921.00,81920.00,69.5789,83.94
1788255334727123479,139.181625,0,2,GPU-cc78c145-d270-f184-90af-1b97451aa32b,NVIDIA A800-SXM4-80GB,0,0,57514.38,24405.62,81920.00,70.2080,84.30
1788255334727123479,139.181625,1,3,GPU-3bffd5d2-3e59-3525-6211-22749909c412,NVIDIA A800-SXM4-80GB,0,0,56999.00,24921.00,81920.00,69.5789,84.03
1788255334944411662,139.398913,0,2,GPU-cc78c145-d270-f184-90af-1b97451aa32b,NVIDIA A800-SXM4-80GB,0,0,57514.38,24405.62,81920.00,70.2080,84.03
1788255334944411662,139.398913,1,3,GPU-3bffd5d2-3e59-3525-6211-22749909c412,NVIDIA A800-SXM4-80GB,0,0,56999.00,24921.00,81920.00,69.5789,83.94
1788255335178866630,139.633367,0,2,GPU-cc78c145-d270-f184-90af-1b97451aa32b,NVIDIA A800-SXM4-80GB,0,0,57514.38,24405.62,81920.00,70.2080,84.30
1788255335178866630,139.633367,1,3,GPU-3bffd5d2-3e59-3525-6211-22749909c412,NVIDIA A800-SXM4-80GB,0,0,56999.00,24921.00,81920.00,69.5789,84.03
1788255335406002557,139.860503,0,2,GPU-cc78c145-d270-f184-90af-1b97451aa32b,NVIDIA A800-SXM4-80GB,0,0,57514.38,24405.62,81920.00,70.2080,84.30
1788255335406002557,139.860503,1,3,GPU-3bffd5d2-3e59-3525-6211-22749909c412,NVIDIA A800-SXM4-80GB,0,0,56999.00,24921.00,81920.00,69.5789,84.03
1788255335632775094,140.087276,0,2,GPU-cc78c145-d270-f184-90af-1b97451aa32b,NVIDIA A800-SXM4-80GB,0,0,57514.38,24405.62,81920.00,70.2080,84.30
1788255335632775094,140.087276,1,3,GPU-3bffd5d2-3e59-3525-6211-22749909c412,NVIDIA A800-SXM4-80GB,0,0,56999.00,24921.00,81920.00,69.5789,84.03
1788255335859597043,140.314098,0,2,GPU-cc78c145-d270-f184-90af-1b97451aa32b,NVIDIA A800-SXM4-80GB,0,0,57514.38,24405.62,81920.00,70.2080,84.03
1788255335859597043,140.314098,1,3,GPU-3bffd5d2-3e59-3525-6211-22749909c412,NVIDIA A800-SXM4-80GB,0,0,56999.00,24921.00,81920.00,69.5789,84.21
1788255336088548556,140.543049,0,2,GPU-cc78c145-d270-f184-90af-1b97451aa32b,NVIDIA A800-SXM4-80GB,0,0,57514.38,24405.62,81920.00,70.2080,84.30
1788255336088548556,140.543049,1,3,GPU-3bffd5d2-3e59-3525-6211-22749909c412,NVIDIA A800-SXM4-80GB,0,0,56999.00,24921.00,81920.00,69.5789,83.94
1788255336317236994,140.771738,0,2,GPU-cc78c145-d270-f184-90af-1b97451aa32b,NVIDIA A800-SXM4-80GB,0,0,57514.38,24405.62,81920.00,70.2080,84.03
1788255336317236994,140.771738,1,3,GPU-3bffd5d2-3e59-3525-6211-22749909c412,NVIDIA A800-SXM4-80GB,0,0,56999.00,24921.00,81920.00,69.5789,83.94
1788255336542900174,140.997401,0,2,GPU-cc78c145-d270-f184-90af-1b97451aa32b,NVIDIA A800-SXM4-80GB,0,0,57514.38,24405.62,81920.00,70.2080,84.03
1788255336542900174,140.997401,1,3,GPU-3bffd5d2-3e59-3525-6211-22749909c412,NVIDIA A800-SXM4-80GB,0,0,56999.00,24921.00,81920.00,69.5789,83.94
1788255336770396153,141.224896,0,2,GPU-cc78c145-d270-f184-90af-1b97451aa32b,NVIDIA A800-SXM4-80GB,0,0,57514.38,24405.62,81920.00,70.2080,84.03
1788255336770396153,141.224896,1,3,GPU-3bffd5d2-3e59-3525-6211-22749909c412,NVIDIA A800-SXM4-80GB,0,0,56999.00,24921.00,81920.00,69.5789,84.03
1788255336996039271,141.450540,0,2,GPU-cc78c145-d270-f184-90af-1b97451aa32b,NVIDIA A800-SXM4-80GB,0,0,57514.38,24405.62,81920.00,70.2080,84.03
1788255336996039271,141.450540,1,3,GPU-3bffd5d2-3e59-3525-6211-22749909c412,NVIDIA A800-SXM4-80GB,0,0,56999.00,24921.00,81920.00,69.5789,84.03
1788255337223203608,141.677704,0,2,GPU-cc78c145-d270-f184-90af-1b97451aa32b,NVIDIA A800-SXM4-80GB,0,0,57514.38,24405.62,81920.00,70.2080,84.30
1788255337223203608,141.677704,1,3,GPU-3bffd5d2-3e59-3525-6211-22749909c412,NVIDIA A800-SXM4-80GB,0,0,56999.00,24921.00,81920.00,69.5789,83.94
1788255337449489677,141.903991,0,2,GPU-cc78c145-d270-f184-90af-1b97451aa32b,NVIDIA A800-SXM4-80GB,0,0,57514.38,24405.62,81920.00,70.2080,84.03
1788255337449489677,141.903991,1,3,GPU-3bffd5d2-3e59-3525-6211-22749909c412,NVIDIA A800-SXM4-80GB,0,0,56999.00,24921.00,81920.00,69.5789,84.03
1788255337680105929,142.134607,0,2,GPU-cc78c145-d270-f184-90af-1b97451aa32b,NVIDIA A800-SXM4-80GB,0,0,57514.38,24405.62,81920.00,70.2080,84.03
1788255337680105929,142.134607,1,3,GPU-3bffd5d2-3e59-3525-6211-22749909c412,NVIDIA A800-SXM4-80GB,0,0,56999.00,24921.00,81920.00,69.5789,83.94
1788255337905727925,142.360228,0,2,GPU-cc78c145-d270-f184-90af-1b97451aa32b,NVIDIA A800-SXM4-80GB,0,0,57514.38,24405.62,81920.00,70.2080,84.03
1788255337905727925,142.360228,1,3,GPU-3bffd5d2-3e59-3525-6211-22749909c412,NVIDIA A800-SXM4-80GB,0,0,56999.00,24921.00,81920.00,69.5789,84.03
1788255338124227609,142.578728,0,2,GPU-cc78c145-d270-f184-90af-1b97451aa32b,NVIDIA A800-SXM4-80GB,0,0,57514.38,24405.62,81920.00,70.2080,84.03
1788255338124227609,142.578728,1,3,GPU-3bffd5d2-3e59-3525-6211-22749909c412,NVIDIA A800-SXM4-80GB,0,0,56999.00,24921.00,81920.00,69.5789,84.03
1788255338352527805,142.807028,0,2,GPU-cc78c145-d270-f184-90af-1b97451aa32b,NVIDIA A800-SXM4-80GB,0,0,57514.38,24405.62,81920.00,70.2080,84.03
1788255338352527805,142.807028,1,3,GPU-3bffd5d2-3e59-3525-6211-22749909c412,NVIDIA A800-SXM4-80GB,0,0,56999.00,24921.00,81920.00,69.5789,83.94
1788255338582200917,143.036702,0,2,GPU-cc78c145-d270-f184-90af-1b97451aa32b,NVIDIA A800-SXM4-80GB,0,0,57514.38,24405.62,81920.00,70.2080,84.03
1788255338582200917,143.036702,1,3,GPU-3bffd5d2-3e59-3525-6211-22749909c412,NVIDIA A800-SXM4-80GB,0,0,56999.00,24921.00,81920.00,69.5789,83.94
1788255338809492836,143.263993,0,2,GPU-cc78c145-d270-f184-90af-1b97451aa32b,NVIDIA A800-SXM4-80GB,0,0,57514.38,24405.62,81920.00,70.2080,84.03
1788255338809492836,143.263993,1,3,GPU-3bffd5d2-3e59-3525-6211-22749909c412,NVIDIA A800-SXM4-80GB,0,0,56999.00,24921.00,81920.00,69.5789,83.94
1788255339038012516,143.492513,0,2,GPU-cc78c145-d270-f184-90af-1b97451aa32b,NVIDIA A800-SXM4-80GB,0,0,57514.38,24405.62,81920.00,70.2080,84.03
1788255339038012516,143.492513,1,3,GPU-3bffd5d2-3e59-3525-6211-22749909c412,NVIDIA A800-SXM4-80GB,0,0,56999.00,24921.00,81920.00,69.5789,83.94
1788255339265749570,143.720250,0,2,GPU-cc78c145-d270-f184-90af-1b97451aa32b,NVIDIA A800-SXM4-80GB,0,0,57514.38,24405.62,81920.00,70.2080,84.03
1788255339265749570,143.720250,1,3,GPU-3bffd5d2-3e59-3525-6211-22749909c412,NVIDIA A800-SXM4-80GB,0,0,56999.00,24921.00,81920.00,69.5789,84.03
1788255339492588570,143.947089,0,2,GPU-cc78c145-d270-f184-90af-1b97451aa32b,NVIDIA A800-SXM4-80GB,0,0,57514.38,24405.62,81920.00,70.2080,84.03
1788255339492588570,143.947089,1,3,GPU-3bffd5d2-3e59-3525-6211-22749909c412,NVIDIA A800-SXM4-80GB,0,0,56999.00,24921.00,81920.00,69.5789,84.03
1788255339718586566,144.173087,0,2,GPU-cc78c145-d270-f184-90af-1b97451aa32b,NVIDIA A800-SXM4-80GB,0,0,57514.38,24405.62,81920.00,70.2080,84.30
1788255339718586566,144.173087,1,3,GPU-3bffd5d2-3e59-3525-6211-22749909c412,NVIDIA A800-SXM4-80GB,0,0,56999.00,24921.00,81920.00,69.5789,84.03
1788255339945770222,144.400271,0,2,GPU-cc78c145-d270-f184-90af-1b97451aa32b,NVIDIA A800-SXM4-80GB,0,0,57514.38,24405.62,81920.00,70.2080,84.03
1788255339945770222,144.400271,1,3,GPU-3bffd5d2-3e59-3525-6211-22749909c412,NVIDIA A800-SXM4-80GB,0,0,56999.00,24921.00,81920.00,69.5789,83.94
1788255340171961653,144.626462,0,2,GPU-cc78c145-d270-f184-90af-1b97451aa32b,NVIDIA A800-SXM4-80GB,0,0,57514.38,24405.62,81920.00,70.2080,84.30
1788255340171961653,144.626462,1,3,GPU-3bffd5d2-3e59-3525-6211-22749909c412,NVIDIA A800-SXM4-80GB,0,0,56999.00,24921.00,81920.00,69.5789,84.03
1788255340408521987,144.863023,0,2,GPU-cc78c145-d270-f184-90af-1b97451aa32b,NVIDIA A800-SXM4-80GB,0,0,57514.38,24405.62,81920.00,70.2080,84.03
1788255340408521987,144.863023,1,3,GPU-3bffd5d2-3e59-3525-6211-22749909c412,NVIDIA A800-SXM4-80GB,0,0,56999.00,24921.00,81920.00,69.5789,83.94
1788255340634742937,145.089244,0,2,GPU-cc78c145-d270-f184-90af-1b97451aa32b,NVIDIA A800-SXM4-80GB,0,0,57514.38,24405.62,81920.00,70.2080,84.03
1788255340634742937,145.089244,1,3,GPU-3bffd5d2-3e59-3525-6211-22749909c412,NVIDIA A800-SXM4-80GB,0,0,56999.00,24921.00,81920.00,69.5789,83.94
1788255340860154632,145.314655,0,2,GPU-cc78c145-d270-f184-90af-1b97451aa32b,NVIDIA A800-SXM4-80GB,0,0,57514.38,24405.62,81920.00,70.2080,84.03
1788255340860154632,145.314655,1,3,GPU-3bffd5d2-3e59-3525-6211-22749909c412,NVIDIA A800-SXM4-80GB,0,0,56999.00,24921.00,81920.00,69.5789,83.94
1788255341087319846,145.541821,0,2,GPU-cc78c145-d270-f184-90af-1b97451aa32b,NVIDIA A800-SXM4-80GB,0,0,57514.38,24405.62,81920.00,70.2080,84.03
1788255341087319846,145.541821,1,3,GPU-3bffd5d2-3e59-3525-6211-22749909c412,NVIDIA A800-SXM4-80GB,0,0,56999.00,24921.00,81920.00,69.5789,83.94
1788255341303250912,145.757752,0,2,GPU-cc78c145-d270-f184-90af-1b97451aa32b,NVIDIA A800-SXM4-80GB,0,0,57514.38,24405.62,81920.00,70.2080,84.03
1788255341303250912,145.757752,1,3,GPU-3bffd5d2-3e59-3525-6211-22749909c412,NVIDIA A800-SXM4-80GB,0,0,56999.00,24921.00,81920.00,69.5789,83.94
1788255341530637956,145.985138,0,2,GPU-cc78c145-d270-f184-90af-1b97451aa32b,NVIDIA A800-SXM4-80GB,0,0,57514.38,24405.62,81920.00,70.2080,84.03
1788255341530637956,145.985138,1,3,GPU-3bffd5d2-3e59-3525-6211-22749909c412,NVIDIA A800-SXM4-80GB,0,0,56999.00,24921.00,81920.00,69.5789,83.94
1788255341761477569,146.215978,0,2,GPU-cc78c145-d270-f184-90af-1b97451aa32b,NVIDIA A800-SXM4-80GB,0,0,57514.38,24405.62,81920.00,70.2080,84.03
1788255341761477569,146.215978,1,3,GPU-3bffd5d2-3e59-3525-6211-22749909c412,NVIDIA A800-SXM4-80GB,0,0,56999.00,24921.00,81920.00,69.5789,83.94
1788255341987592696,146.442093,0,2,GPU-cc78c145-d270-f184-90af-1b97451aa32b,NVIDIA A800-SXM4-80GB,0,0,57514.38,24405.62,81920.00,70.2080,84.03
1788255341987592696,146.442093,1,3,GPU-3bffd5d2-3e59-3525-6211-22749909c412,NVIDIA A800-SXM4-80GB,0,0,56999.00,24921.00,81920.00,69.5789,84.03
1788255342214839261,146.669340,0,2,GPU-cc78c145-d270-f184-90af-1b97451aa32b,NVIDIA A800-SXM4-80GB,0,0,57514.38,24405.62,81920.00,70.2080,84.03
1788255342214839261,146.669340,1,3,GPU-3bffd5d2-3e59-3525-6211-22749909c412,NVIDIA A800-SXM4-80GB,0,0,56999.00,24921.00,81920.00,69.5789,84.03
1788255342441786700,146.896287,0,2,GPU-cc78c145-d270-f184-90af-1b97451aa32b,NVIDIA A800-SXM4-80GB,0,0,57514.38,24405.62,81920.00,70.2080,84.03
1788255342441786700,146.896287,1,3,GPU-3bffd5d2-3e59-3525-6211-22749909c412,NVIDIA A800-SXM4-80GB,0,0,56999.00,24921.00,81920.00,69.5789,83.94
1788255342669060339,147.123561,0,2,GPU-cc78c145-d270-f184-90af-1b97451aa32b,NVIDIA A800-SXM4-80GB,0,0,57514.38,24405.62,81920.00,70.2080,84.03
1788255342669060339,147.123561,1,3,GPU-3bffd5d2-3e59-3525-6211-22749909c412,NVIDIA A800-SXM4-80GB,0,0,56999.00,24921.00,81920.00,69.5789,84.03
1788255342896025920,147.350527,0,2,GPU-cc78c145-d270-f184-90af-1b97451aa32b,NVIDIA A800-SXM4-80GB,0,0,57514.38,24405.62,81920.00,70.2080,84.03
1788255342896025920,147.350527,1,3,GPU-3bffd5d2-3e59-3525-6211-22749909c412,NVIDIA A800-SXM4-80GB,0,0,56999.00,24921.00,81920.00,69.5789,83.94
1788255343122875241,147.577376,0,2,GPU-cc78c145-d270-f184-90af-1b97451aa32b,NVIDIA A800-SXM4-80GB,0,0,57514.38,24405.62,81920.00,70.2080,84.30
1788255343122875241,147.577376,1,3,GPU-3bffd5d2-3e59-3525-6211-22749909c412,NVIDIA A800-SXM4-80GB,0,0,56999.00,24921.00,81920.00,69.5789,83.94
1788255343350167906,147.804669,0,2,GPU-cc78c145-d270-f184-90af-1b97451aa32b,NVIDIA A800-SXM4-80GB,0,0,57514.38,24405.62,81920.00,70.2080,84.03
1788255343350167906,147.804669,1,3,GPU-3bffd5d2-3e59-3525-6211-22749909c412,NVIDIA A800-SXM4-80GB,0,0,56999.00,24921.00,81920.00,69.5789,84.03
1788255343577990835,148.032491,0,2,GPU-cc78c145-d270-f184-90af-1b97451aa32b,NVIDIA A800-SXM4-80GB,0,0,57514.38,24405.62,81920.00,70.2080,84.03
1788255343577990835,148.032491,1,3,GPU-3bffd5d2-3e59-3525-6211-22749909c412,NVIDIA A800-SXM4-80GB,0,0,56999.00,24921.00,81920.00,69.5789,83.94
1788255343806884718,148.261385,0,2,GPU-cc78c145-d270-f184-90af-1b97451aa32b,NVIDIA A800-SXM4-80GB,0,0,57514.38,24405.62,81920.00,70.2080,84.03
1788255343806884718,148.261385,1,3,GPU-3bffd5d2-3e59-3525-6211-22749909c412,NVIDIA A800-SXM4-80GB,0,0,56999.00,24921.00,81920.00,69.5789,84.03
1788255344033308846,148.487809,0,2,GPU-cc78c145-d270-f184-90af-1b97451aa32b,NVIDIA A800-SXM4-80GB,0,0,57514.38,24405.62,81920.00,70.2080,84.03
1788255344033308846,148.487809,1,3,GPU-3bffd5d2-3e59-3525-6211-22749909c412,NVIDIA A800-SXM4-80GB,0,0,56999.00,24921.00,81920.00,69.5789,83.94
1788255344259569219,148.714070,0,2,GPU-cc78c145-d270-f184-90af-1b97451aa32b,NVIDIA A800-SXM4-80GB,0,0,57514.38,24405.62,81920.00,70.2080,84.03
1788255344259569219,148.714070,1,3,GPU-3bffd5d2-3e59-3525-6211-22749909c412,NVIDIA A800-SXM4-80GB,0,0,56999.00,24921.00,81920.00,69.5789,84.03
1788255344477457784,148.931958,0,2,GPU-cc78c145-d270-f184-90af-1b97451aa32b,NVIDIA A800-SXM4-80GB,0,0,57514.38,24405.62,81920.00,70.2080,84.03
1788255344477457784,148.931958,1,3,GPU-3bffd5d2-3e59-3525-6211-22749909c412,NVIDIA A800-SXM4-80GB,0,0,56999.00,24921.00,81920.00,69.5789,83.94
1788255344703420960,149.157922,0,2,GPU-cc78c145-d270-f184-90af-1b97451aa32b,NVIDIA A800-SXM4-80GB,0,0,57514.38,24405.62,81920.00,70.2080,84.03
1788255344703420960,149.157922,1,3,GPU-3bffd5d2-3e59-3525-6211-22749909c412,NVIDIA A800-SXM4-80GB,0,0,56999.00,24921.00,81920.00,69.5789,84.03
1788255344931599619,149.386100,0,2,GPU-cc78c145-d270-f184-90af-1b97451aa32b,NVIDIA A800-SXM4-80GB,0,0,57514.38,24405.62,81920.00,70.2080,84.03
1788255344931599619,149.386100,1,3,GPU-3bffd5d2-3e59-3525-6211-22749909c412,NVIDIA A800-SXM4-80GB,0,0,56999.00,24921.00,81920.00,69.5789,83.94
1788255345158426917,149.612928,0,2,GPU-cc78c145-d270-f184-90af-1b97451aa32b,NVIDIA A800-SXM4-80GB,0,0,57514.38,24405.62,81920.00,70.2080,84.03
1788255345158426917,149.612928,1,3,GPU-3bffd5d2-3e59-3525-6211-22749909c412,NVIDIA A800-SXM4-80GB,0,0,56999.00,24921.00,81920.00,69.5789,83.94
1788255345385553756,149.840055,0,2,GPU-cc78c145-d270-f184-90af-1b97451aa32b,NVIDIA A800-SXM4-80GB,0,0,57514.38,24405.62,81920.00,70.2080,84.03
1788255345385553756,149.840055,1,3,GPU-3bffd5d2-3e59-3525-6211-22749909c412,NVIDIA A800-SXM4-80GB,0,0,56999.00,24921.00,81920.00,69.5789,84.03
1788255345616992912,150.071494,0,2,GPU-cc78c145-d270-f184-90af-1b97451aa32b,NVIDIA A800-SXM4-80GB,0,0,57514.38,24405.62,81920.00,70.2080,84.03
1788255345616992912,150.071494,1,3,GPU-3bffd5d2-3e59-3525-6211-22749909c412,NVIDIA A800-SXM4-80GB,0,0,56999.00,24921.00,81920.00,69.5789,83.94
1788255345843789943,150.298290,0,2,GPU-cc78c145-d270-f184-90af-1b97451aa32b,NVIDIA A800-SXM4-80GB,0,0,57514.38,24405.62,81920.00,70.2080,84.03
1788255345843789943,150.298290,1,3,GPU-3bffd5d2-3e59-3525-6211-22749909c412,NVIDIA A800-SXM4-80GB,0,0,56999.00,24921.00,81920.00,69.5789,84.03
1788255346069454041,150.523955,0,2,GPU-cc78c145-d270-f184-90af-1b97451aa32b,NVIDIA A800-SXM4-80GB,0,0,57514.38,24405.62,81920.00,70.2080,84.03
1788255346069454041,150.523955,1,3,GPU-3bffd5d2-3e59-3525-6211-22749909c412,NVIDIA A800-SXM4-80GB,0,0,56999.00,24921.00,81920.00,69.5789,83.94
1788255346295429818,150.749930,0,2,GPU-cc78c145-d270-f184-90af-1b97451aa32b,NVIDIA A800-SXM4-80GB,0,0,57514.38,24405.62,81920.00,70.2080,84.03
1788255346295429818,150.749930,1,3,GPU-3bffd5d2-3e59-3525-6211-22749909c412,NVIDIA A800-SXM4-80GB,0,0,56999.00,24921.00,81920.00,69.5789,83.94
1788255346523727752,150.978229,0,2,GPU-cc78c145-d270-f184-90af-1b97451aa32b,NVIDIA A800-SXM4-80GB,0,0,57514.38,24405.62,81920.00,70.2080,84.03
1788255346523727752,150.978229,1,3,GPU-3bffd5d2-3e59-3525-6211-22749909c412,NVIDIA A800-SXM4-80GB,0,0,56999.00,24921.00,81920.00,69.5789,83.94
1788255346750400592,151.204901,0,2,GPU-cc78c145-d270-f184-90af-1b97451aa32b,NVIDIA A800-SXM4-80GB,0,0,57514.38,24405.62,81920.00,70.2080,84.03
1788255346750400592,151.204901,1,3,GPU-3bffd5d2-3e59-3525-6211-22749909c412,NVIDIA A800-SXM4-80GB,0,0,56999.00,24921.00,81920.00,69.5789,84.03
1788255346978083881,151.432584,0,2,GPU-cc78c145-d270-f184-90af-1b97451aa32b,NVIDIA A800-SXM4-80GB,0,0,57514.38,24405.62,81920.00,70.2080,84.03
1788255346978083881,151.432584,1,3,GPU-3bffd5d2-3e59-3525-6211-22749909c412,NVIDIA A800-SXM4-80GB,0,0,56999.00,24921.00,81920.00,69.5789,83.94
1788255347207750110,151.662251,0,2,GPU-cc78c145-d270-f184-90af-1b97451aa32b,NVIDIA A800-SXM4-80GB,0,0,57514.38,24405.62,81920.00,70.2080,83.94
1788255347207750110,151.662251,1,3,GPU-3bffd5d2-3e59-3525-6211-22749909c412,NVIDIA A800-SXM4-80GB,0,0,56999.00,24921.00,81920.00,69.5789,83.94
1788255347433995871,151.888496,0,2,GPU-cc78c145-d270-f184-90af-1b97451aa32b,NVIDIA A800-SXM4-80GB,0,0,57514.38,24405.62,81920.00,70.2080,84.03
1788255347433995871,151.888496,1,3,GPU-3bffd5d2-3e59-3525-6211-22749909c412,NVIDIA A800-SXM4-80GB,0,0,56999.00,24921.00,81920.00,69.5789,83.94
1788255347664929138,152.119430,0,2,GPU-cc78c145-d270-f184-90af-1b97451aa32b,NVIDIA A800-SXM4-80GB,0,0,57514.38,24405.62,81920.00,70.2080,84.03
1788255347664929138,152.119430,1,3,GPU-3bffd5d2-3e59-3525-6211-22749909c412,NVIDIA A800-SXM4-80GB,0,0,56999.00,24921.00,81920.00,69.5789,84.03
1788255347893973328,152.348474,0,2,GPU-cc78c145-d270-f184-90af-1b97451aa32b,NVIDIA A800-SXM4-80GB,0,0,57514.38,24405.62,81920.00,70.2080,84.03
1788255347893973328,152.348474,1,3,GPU-3bffd5d2-3e59-3525-6211-22749909c412,NVIDIA A800-SXM4-80GB,0,0,56999.00,24921.00,81920.00,69.5789,83.94
1788255348120138738,152.574639,0,2,GPU-cc78c145-d270-f184-90af-1b97451aa32b,NVIDIA A800-SXM4-80GB,0,0,57514.38,24405.62,81920.00,70.2080,84.03
1788255348120138738,152.574639,1,3,GPU-3bffd5d2-3e59-3525-6211-22749909c412,NVIDIA A800-SXM4-80GB,0,0,56999.00,24921.00,81920.00,69.5789,83.94
1788255348346899515,152.801400,0,2,GPU-cc78c145-d270-f184-90af-1b97451aa32b,NVIDIA A800-SXM4-80GB,0,0,57514.38,24405.62,81920.00,70.2080,84.03
1788255348346899515,152.801400,1,3,GPU-3bffd5d2-3e59-3525-6211-22749909c412,NVIDIA A800-SXM4-80GB,0,0,56999.00,24921.00,81920.00,69.5789,84.03
1788255348574818645,153.029319,0,2,GPU-cc78c145-d270-f184-90af-1b97451aa32b,NVIDIA A800-SXM4-80GB,0,0,57514.38,24405.62,81920.00,70.2080,84.03
1788255348574818645,153.029319,1,3,GPU-3bffd5d2-3e59-3525-6211-22749909c412,NVIDIA A800-SXM4-80GB,0,0,56999.00,24921.00,81920.00,69.5789,84.03
1788255348793752089,153.248253,0,2,GPU-cc78c145-d270-f184-90af-1b97451aa32b,NVIDIA A800-SXM4-80GB,0,0,57514.38,24405.62,81920.00,70.2080,84.03
1788255348793752089,153.248253,1,3,GPU-3bffd5d2-3e59-3525-6211-22749909c412,NVIDIA A800-SXM4-80GB,0,0,56999.00,24921.00,81920.00,69.5789,83.94
1788255349022440212,153.476941,0,2,GPU-cc78c145-d270-f184-90af-1b97451aa32b,NVIDIA A800-SXM4-80GB,0,0,57514.38,24405.62,81920.00,70.2080,84.03
1788255349022440212,153.476941,1,3,GPU-3bffd5d2-3e59-3525-6211-22749909c412,NVIDIA A800-SXM4-80GB,0,0,56999.00,24921.00,81920.00,69.5789,83.94
1788255349238816675,153.693317,0,2,GPU-cc78c145-d270-f184-90af-1b97451aa32b,NVIDIA A800-SXM4-80GB,0,0,57514.38,24405.62,81920.00,70.2080,84.03
1788255349238816675,153.693317,1,3,GPU-3bffd5d2-3e59-3525-6211-22749909c412,NVIDIA A800-SXM4-80GB,0,0,56999.00,24921.00,81920.00,69.5789,83.94
1788255349465992287,153.920493,0,2,GPU-cc78c145-d270-f184-90af-1b97451aa32b,NVIDIA A800-SXM4-80GB,0,0,57514.38,24405.62,81920.00,70.2080,84.03
1788255349465992287,153.920493,1,3,GPU-3bffd5d2-3e59-3525-6211-22749909c412,NVIDIA A800-SXM4-80GB,0,0,56999.00,24921.00,81920.00,69.5789,83.94
1788255349691671130,154.146172,0,2,GPU-cc78c145-d270-f184-90af-1b97451aa32b,NVIDIA A800-SXM4-80GB,0,0,57514.38,24405.62,81920.00,70.2080,84.03
1788255349691671130,154.146172,1,3,GPU-3bffd5d2-3e59-3525-6211-22749909c412,NVIDIA A800-SXM4-80GB,0,0,56999.00,24921.00,81920.00,69.5789,84.03
1788255349912230063,154.366731,0,2,GPU-cc78c145-d270-f184-90af-1b97451aa32b,NVIDIA A800-SXM4-80GB,0,0,57514.38,24405.62,81920.00,70.2080,83.94
1788255349912230063,154.366731,1,3,GPU-3bffd5d2-3e59-3525-6211-22749909c412,NVIDIA A800-SXM4-80GB,0,0,56999.00,24921.00,81920.00,69.5789,83.94
1788255350140168329,154.594669,0,2,GPU-cc78c145-d270-f184-90af-1b97451aa32b,NVIDIA A800-SXM4-80GB,0,0,57514.38,24405.62,81920.00,70.2080,84.03
1788255350140168329,154.594669,1,3,GPU-3bffd5d2-3e59-3525-6211-22749909c412,NVIDIA A800-SXM4-80GB,0,0,56999.00,24921.00,81920.00,69.5789,83.94
1788255350367257537,154.821758,0,2,GPU-cc78c145-d270-f184-90af-1b97451aa32b,NVIDIA A800-SXM4-80GB,0,0,57514.38,24405.62,81920.00,70.2080,84.03
1788255350367257537,154.821758,1,3,GPU-3bffd5d2-3e59-3525-6211-22749909c412,NVIDIA A800-SXM4-80GB,0,0,56999.00,24921.00,81920.00,69.5789,84.03
1788255350593745735,155.048247,0,2,GPU-cc78c145-d270-f184-90af-1b97451aa32b,NVIDIA A800-SXM4-80GB,0,0,57514.38,24405.62,81920.00,70.2080,84.03
1788255350593745735,155.048247,1,3,GPU-3bffd5d2-3e59-3525-6211-22749909c412,NVIDIA A800-SXM4-80GB,0,0,56999.00,24921.00,81920.00,69.5789,84.03
1788255350825767848,155.280269,0,2,GPU-cc78c145-d270-f184-90af-1b97451aa32b,NVIDIA A800-SXM4-80GB,0,0,57514.38,24405.62,81920.00,70.2080,84.03
1788255350825767848,155.280269,1,3,GPU-3bffd5d2-3e59-3525-6211-22749909c412,NVIDIA A800-SXM4-80GB,0,0,56999.00,24921.00,81920.00,69.5789,84.03
1788255351052543117,155.507044,0,2,GPU-cc78c145-d270-f184-90af-1b97451aa32b,NVIDIA A800-SXM4-80GB,0,0,57514.38,24405.62,81920.00,70.2080,84.03
1788255351052543117,155.507044,1,3,GPU-3bffd5d2-3e59-3525-6211-22749909c412,NVIDIA A800-SXM4-80GB,0,0,56999.00,24921.00,81920.00,69.5789,83.94
1788255351279933456,155.734434,0,2,GPU-cc78c145-d270-f184-90af-1b97451aa32b,NVIDIA A800-SXM4-80GB,0,0,57514.38,24405.62,81920.00,70.2080,84.03
1788255351279933456,155.734434,1,3,GPU-3bffd5d2-3e59-3525-6211-22749909c412,NVIDIA A800-SXM4-80GB,0,0,56999.00,24921.00,81920.00,69.5789,84.03
1788255351512413426,155.966914,0,2,GPU-cc78c145-d270-f184-90af-1b97451aa32b,NVIDIA A800-SXM4-80GB,0,0,57514.38,24405.62,81920.00,70.2080,84.03
1788255351512413426,155.966914,1,3,GPU-3bffd5d2-3e59-3525-6211-22749909c412,NVIDIA A800-SXM4-80GB,0,0,56999.00,24921.00,81920.00,69.5789,83.94
1788255351738563071,156.193063,0,2,GPU-cc78c145-d270-f184-90af-1b97451aa32b,NVIDIA A800-SXM4-80GB,0,0,57514.38,24405.62,81920.00,70.2080,84.03
1788255351738563071,156.193063,1,3,GPU-3bffd5d2-3e59-3525-6211-22749909c412,NVIDIA A800-SXM4-80GB,0,0,56999.00,24921.00,81920.00,69.5789,84.03
1788255351965877319,156.420378,0,2,GPU-cc78c145-d270-f184-90af-1b97451aa32b,NVIDIA A800-SXM4-80GB,0,0,57514.38,24405.62,81920.00,70.2080,84.03
1788255351965877319,156.420378,1,3,GPU-3bffd5d2-3e59-3525-6211-22749909c412,NVIDIA A800-SXM4-80GB,0,0,56999.00,24921.00,81920.00,69.5789,83.94
1788255352192777888,156.647278,0,2,GPU-cc78c145-d270-f184-90af-1b97451aa32b,NVIDIA A800-SXM4-80GB,0,0,57514.38,24405.62,81920.00,70.2080,84.03
1788255352192777888,156.647278,1,3,GPU-3bffd5d2-3e59-3525-6211-22749909c412,NVIDIA A800-SXM4-80GB,0,0,56999.00,24921.00,81920.00,69.5789,83.94
1788255352421470871,156.875971,0,2,GPU-cc78c145-d270-f184-90af-1b97451aa32b,NVIDIA A800-SXM4-80GB,0,0,57514.38,24405.62,81920.00,70.2080,84.03
1788255352421470871,156.875971,1,3,GPU-3bffd5d2-3e59-3525-6211-22749909c412,NVIDIA A800-SXM4-80GB,0,0,56999.00,24921.00,81920.00,69.5789,83.94
1788255352649954757,157.104455,0,2,GPU-cc78c145-d270-f184-90af-1b97451aa32b,NVIDIA A800-SXM4-80GB,0,0,57514.38,24405.62,81920.00,70.2080,84.03
1788255352649954757,157.104455,1,3,GPU-3bffd5d2-3e59-3525-6211-22749909c412,NVIDIA A800-SXM4-80GB,0,0,56999.00,24921.00,81920.00,69.5789,84.03
1788255352889338545,157.343839,0,2,GPU-cc78c145-d270-f184-90af-1b97451aa32b,NVIDIA A800-SXM4-80GB,0,0,57514.38,24405.62,81920.00,70.2080,83.70
1788255352889338545,157.343839,1,3,GPU-3bffd5d2-3e59-3525-6211-22749909c412,NVIDIA A800-SXM4-80GB,0,0,56999.00,24921.00,81920.00,69.5789,84.03
1788255353115464820,157.569965,0,2,GPU-cc78c145-d270-f184-90af-1b97451aa32b,NVIDIA A800-SXM4-80GB,0,0,57514.38,24405.62,81920.00,70.2080,84.03
1788255353115464820,157.569965,1,3,GPU-3bffd5d2-3e59-3525-6211-22749909c412,NVIDIA A800-SXM4-80GB,0,0,56999.00,24921.00,81920.00,69.5789,84.03
1788255353342611818,157.797112,0,2,GPU-cc78c145-d270-f184-90af-1b97451aa32b,NVIDIA A800-SXM4-80GB,0,0,57514.38,24405.62,81920.00,70.2080,84.03
1788255353342611818,157.797112,1,3,GPU-3bffd5d2-3e59-3525-6211-22749909c412,NVIDIA A800-SXM4-80GB,0,0,56999.00,24921.00,81920.00,69.5789,84.03
1788255353568945329,158.023446,0,2,GPU-cc78c145-d270-f184-90af-1b97451aa32b,NVIDIA A800-SXM4-80GB,0,0,57514.38,24405.62,81920.00,70.2080,84.03
1788255353568945329,158.023446,1,3,GPU-3bffd5d2-3e59-3525-6211-22749909c412,NVIDIA A800-SXM4-80GB,0,0,56999.00,24921.00,81920.00,69.5789,84.03
1788255353795269372,158.249770,0,2,GPU-cc78c145-d270-f184-90af-1b97451aa32b,NVIDIA A800-SXM4-80GB,0,0,57514.38,24405.62,81920.00,70.2080,84.03
1788255353795269372,158.249770,1,3,GPU-3bffd5d2-3e59-3525-6211-22749909c412,NVIDIA A800-SXM4-80GB,0,0,56999.00,24921.00,81920.00,69.5789,83.94
1788255354023791124,158.478292,0,2,GPU-cc78c145-d270-f184-90af-1b97451aa32b,NVIDIA A800-SXM4-80GB,0,0,57514.38,24405.62,81920.00,70.2080,84.03
1788255354023791124,158.478292,1,3,GPU-3bffd5d2-3e59-3525-6211-22749909c412,NVIDIA A800-SXM4-80GB,0,0,56999.00,24921.00,81920.00,69.5789,84.03
1788255354251220411,158.705721,0,2,GPU-cc78c145-d270-f184-90af-1b97451aa32b,NVIDIA A800-SXM4-80GB,0,0,57514.38,24405.62,81920.00,70.2080,84.03
1788255354251220411,158.705721,1,3,GPU-3bffd5d2-3e59-3525-6211-22749909c412,NVIDIA A800-SXM4-80GB,0,0,56999.00,24921.00,81920.00,69.5789,84.03
1788255354478473313,158.932974,0,2,GPU-cc78c145-d270-f184-90af-1b97451aa32b,NVIDIA A800-SXM4-80GB,0,0,57514.38,24405.62,81920.00,70.2080,84.03
1788255354478473313,158.932974,1,3,GPU-3bffd5d2-3e59-3525-6211-22749909c412,NVIDIA A800-SXM4-80GB,0,0,56999.00,24921.00,81920.00,69.5789,84.03
1788255354708073607,159.162574,0,2,GPU-cc78c145-d270-f184-90af-1b97451aa32b,NVIDIA A800-SXM4-80GB,0,0,57514.38,24405.62,81920.00,70.2080,83.94
1788255354708073607,159.162574,1,3,GPU-3bffd5d2-3e59-3525-6211-22749909c412,NVIDIA A800-SXM4-80GB,0,0,56999.00,24921.00,81920.00,69.5789,84.03
1788255354934583819,159.389085,0,2,GPU-cc78c145-d270-f184-90af-1b97451aa32b,NVIDIA A800-SXM4-80GB,0,0,57514.38,24405.62,81920.00,70.2080,84.03
1788255354934583819,159.389085,1,3,GPU-3bffd5d2-3e59-3525-6211-22749909c412,NVIDIA A800-SXM4-80GB,0,0,56999.00,24921.00,81920.00,69.5789,83.94
1788255355159271682,159.613772,0,2,GPU-cc78c145-d270-f184-90af-1b97451aa32b,NVIDIA A800-SXM4-80GB,0,0,57514.38,24405.62,81920.00,70.2080,83.70
1788255355159271682,159.613772,1,3,GPU-3bffd5d2-3e59-3525-6211-22749909c412,NVIDIA A800-SXM4-80GB,0,0,56999.00,24921.00,81920.00,69.5789,83.94
1788255355387306025,159.841806,0,2,GPU-cc78c145-d270-f184-90af-1b97451aa32b,NVIDIA A800-SXM4-80GB,0,0,57514.38,24405.62,81920.00,70.2080,84.03
1788255355387306025,159.841806,1,3,GPU-3bffd5d2-3e59-3525-6211-22749909c412,NVIDIA A800-SXM4-80GB,0,0,56999.00,24921.00,81920.00,69.5789,84.03
1788255355613955702,160.068456,0,2,GPU-cc78c145-d270-f184-90af-1b97451aa32b,NVIDIA A800-SXM4-80GB,0,0,57514.38,24405.62,81920.00,70.2080,84.03
1788255355613955702,160.068456,1,3,GPU-3bffd5d2-3e59-3525-6211-22749909c412,NVIDIA A800-SXM4-80GB,0,0,56999.00,24921.00,81920.00,69.5789,83.94
1788255355840571500,160.295072,0,2,GPU-cc78c145-d270-f184-90af-1b97451aa32b,NVIDIA A800-SXM4-80GB,0,0,57514.38,24405.62,81920.00,70.2080,84.03
1788255355840571500,160.295072,1,3,GPU-3bffd5d2-3e59-3525-6211-22749909c412,NVIDIA A800-SXM4-80GB,0,0,56999.00,24921.00,81920.00,69.5789,83.94
1788255356066811273,160.521312,0,2,GPU-cc78c145-d270-f184-90af-1b97451aa32b,NVIDIA A800-SXM4-80GB,0,0,57514.38,24405.62,81920.00,70.2080,83.70
1788255356066811273,160.521312,1,3,GPU-3bffd5d2-3e59-3525-6211-22749909c412,NVIDIA A800-SXM4-80GB,0,0,56999.00,24921.00,81920.00,69.5789,83.94
1788255356287364764,160.741865,0,2,GPU-cc78c145-d270-f184-90af-1b97451aa32b,NVIDIA A800-SXM4-80GB,0,0,57514.38,24405.62,81920.00,70.2080,83.70
1788255356287364764,160.741865,1,3,GPU-3bffd5d2-3e59-3525-6211-22749909c412,NVIDIA A800-SXM4-80GB,0,0,56999.00,24921.00,81920.00,69.5789,83.94
1788255356512075889,160.966576,0,2,GPU-cc78c145-d270-f184-90af-1b97451aa32b,NVIDIA A800-SXM4-80GB,0,0,57514.38,24405.62,81920.00,70.2080,83.70
1788255356512075889,160.966576,1,3,GPU-3bffd5d2-3e59-3525-6211-22749909c412,NVIDIA A800-SXM4-80GB,0,0,56999.00,24921.00,81920.00,69.5789,83.94
1788255356740108372,161.194610,0,2,GPU-cc78c145-d270-f184-90af-1b97451aa32b,NVIDIA A800-SXM4-80GB,0,0,57514.38,24405.62,81920.00,70.2080,84.03
1788255356740108372,161.194610,1,3,GPU-3bffd5d2-3e59-3525-6211-22749909c412,NVIDIA A800-SXM4-80GB,0,0,56999.00,24921.00,81920.00,69.5789,83.94
1788255356966937306,161.421439,0,2,GPU-cc78c145-d270-f184-90af-1b97451aa32b,NVIDIA A800-SXM4-80GB,0,0,57514.38,24405.62,81920.00,70.2080,84.03
1788255356966937306,161.421439,1,3,GPU-3bffd5d2-3e59-3525-6211-22749909c412,NVIDIA A800-SXM4-80GB,0,0,56999.00,24921.00,81920.00,69.5789,83.94
1788255357195796518,161.650297,0,2,GPU-cc78c145-d270-f184-90af-1b97451aa32b,NVIDIA A800-SXM4-80GB,0,0,57514.38,24405.62,81920.00,70.2080,84.03
1788255357195796518,161.650297,1,3,GPU-3bffd5d2-3e59-3525-6211-22749909c412,NVIDIA A800-SXM4-80GB,0,0,56999.00,24921.00,81920.00,69.5789,84.03
1788255357422776171,161.877277,0,2,GPU-cc78c145-d270-f184-90af-1b97451aa32b,NVIDIA A800-SXM4-80GB,0,0,57514.38,24405.62,81920.00,70.2080,84.03
1788255357422776171,161.877277,1,3,GPU-3bffd5d2-3e59-3525-6211-22749909c412,NVIDIA A800-SXM4-80GB,0,0,56999.00,24921.00,81920.00,69.5789,83.94
1788255357651923690,162.106426,0,2,GPU-cc78c145-d270-f184-90af-1b97451aa32b,NVIDIA A800-SXM4-80GB,0,0,57514.38,24405.62,81920.00,70.2080,84.03
1788255357651923690,162.106426,1,3,GPU-3bffd5d2-3e59-3525-6211-22749909c412,NVIDIA A800-SXM4-80GB,0,0,56999.00,24921.00,81920.00,69.5789,84.03
1788255357880985673,162.335487,0,2,GPU-cc78c145-d270-f184-90af-1b97451aa32b,NVIDIA A800-SXM4-80GB,0,0,57514.38,24405.62,81920.00,70.2080,84.03
1788255357880985673,162.335487,1,3,GPU-3bffd5d2-3e59-3525-6211-22749909c412,NVIDIA A800-SXM4-80GB,0,0,56999.00,24921.00,81920.00,69.5789,83.94
1788255358112528595,162.567030,0,2,GPU-cc78c145-d270-f184-90af-1b97451aa32b,NVIDIA A800-SXM4-80GB,0,0,57514.38,24405.62,81920.00,70.2080,74.38
1788255358112528595,162.567030,1,3,GPU-3bffd5d2-3e59-3525-6211-22749909c412,NVIDIA A800-SXM4-80GB,0,0,56999.00,24921.00,81920.00,69.5789,66.89
1788255358342380339,162.796881,0,2,GPU-cc78c145-d270-f184-90af-1b97451aa32b,NVIDIA A800-SXM4-80GB,0,0,57514.38,24405.62,81920.00,70.2080,65.38
1788255358342380339,162.796881,1,3,GPU-3bffd5d2-3e59-3525-6211-22749909c412,NVIDIA A800-SXM4-80GB,0,0,56999.00,24921.00,81920.00,69.5789,66.61
1788255358569464278,163.023965,0,2,GPU-cc78c145-d270-f184-90af-1b97451aa32b,NVIDIA A800-SXM4-80GB,0,0,57514.38,24405.62,81920.00,70.2080,65.38
1788255358569464278,163.023965,1,3,GPU-3bffd5d2-3e59-3525-6211-22749909c412,NVIDIA A800-SXM4-80GB,0,0,56999.00,24921.00,81920.00,69.5789,66.61
1788255358798598674,163.253100,0,2,GPU-cc78c145-d270-f184-90af-1b97451aa32b,NVIDIA A800-SXM4-80GB,0,0,57514.38,24405.62,81920.00,70.2080,65.38
1788255358798598674,163.253100,1,3,GPU-3bffd5d2-3e59-3525-6211-22749909c412,NVIDIA A800-SXM4-80GB,0,0,56999.00,24921.00,81920.00,69.5789,66.61
1788255359029066086,163.483567,0,2,GPU-cc78c145-d270-f184-90af-1b97451aa32b,NVIDIA A800-SXM4-80GB,0,0,57514.38,24405.62,81920.00,70.2080,65.38
1788255359029066086,163.483567,1,3,GPU-3bffd5d2-3e59-3525-6211-22749909c412,NVIDIA A800-SXM4-80GB,0,0,56999.00,24921.00,81920.00,69.5789,66.61
1788255359263398244,163.717900,0,2,GPU-cc78c145-d270-f184-90af-1b97451aa32b,NVIDIA A800-SXM4-80GB,0,0,57514.38,24405.62,81920.00,70.2080,65.38
1788255359263398244,163.717900,1,3,GPU-3bffd5d2-3e59-3525-6211-22749909c412,NVIDIA A800-SXM4-80GB,0,0,56999.00,24921.00,81920.00,69.5789,66.61
1788255359496748550,163.951249,0,2,GPU-cc78c145-d270-f184-90af-1b97451aa32b,NVIDIA A800-SXM4-80GB,0,0,57514.38,24405.62,81920.00,70.2080,65.11
1788255359496748550,163.951249,1,3,GPU-3bffd5d2-3e59-3525-6211-22749909c412,NVIDIA A800-SXM4-80GB,0,0,56999.00,24921.00,81920.00,69.5789,66.55
1788255359731988768,164.186490,0,2,GPU-cc78c145-d270-f184-90af-1b97451aa32b,NVIDIA A800-SXM4-80GB,0,0,57514.38,24405.62,81920.00,70.2080,66.61
1788255359731988768,164.186490,1,3,GPU-3bffd5d2-3e59-3525-6211-22749909c412,NVIDIA A800-SXM4-80GB,0,0,56999.00,24921.00,81920.00,69.5789,66.61
1788255359965464411,164.419966,0,2,GPU-cc78c145-d270-f184-90af-1b97451aa32b,NVIDIA A800-SXM4-80GB,0,0,57514.38,24405.62,81920.00,70.2080,65.70
1788255359965464411,164.419966,1,3,GPU-3bffd5d2-3e59-3525-6211-22749909c412,NVIDIA A800-SXM4-80GB,0,0,56999.00,24921.00,81920.00,69.5789,66.61
1788255360210931281,164.665432,0,2,GPU-cc78c145-d270-f184-90af-1b97451aa32b,NVIDIA A800-SXM4-80GB,0,0,57514.38,24405.62,81920.00,70.2080,65.38
1788255360210931281,164.665432,1,3,GPU-3bffd5d2-3e59-3525-6211-22749909c412,NVIDIA A800-SXM4-80GB,0,0,56999.00,24921.00,81920.00,69.5789,66.61
1788255360445330301,164.899832,0,2,GPU-cc78c145-d270-f184-90af-1b97451aa32b,NVIDIA A800-SXM4-80GB,0,0,57514.38,24405.62,81920.00,70.2080,65.70
1788255360445330301,164.899832,1,3,GPU-3bffd5d2-3e59-3525-6211-22749909c412,NVIDIA A800-SXM4-80GB,0,0,56999.00,24921.00,81920.00,69.5789,66.61
1788255360674802440,165.129303,0,2,GPU-cc78c145-d270-f184-90af-1b97451aa32b,NVIDIA A800-SXM4-80GB,0,0,57514.38,24405.62,81920.00,70.2080,65.38
1788255360674802440,165.129303,1,3,GPU-3bffd5d2-3e59-3525-6211-22749909c412,NVIDIA A800-SXM4-80GB,0,0,56999.00,24921.00,81920.00,69.5789,66.61
1788255360904693226,165.359194,0,2,GPU-cc78c145-d270-f184-90af-1b97451aa32b,NVIDIA A800-SXM4-80GB,0,0,57514.38,24405.62,81920.00,70.2080,65.11
1788255360904693226,165.359194,1,3,GPU-3bffd5d2-3e59-3525-6211-22749909c412,NVIDIA A800-SXM4-80GB,0,0,56999.00,24921.00,81920.00,69.5789,66.61
1788255361131405262,165.585907,0,2,GPU-cc78c145-d270-f184-90af-1b97451aa32b,NVIDIA A800-SXM4-80GB,0,0,57514.38,24405.62,81920.00,70.2080,65.70
1788255361131405262,165.585907,1,3,GPU-3bffd5d2-3e59-3525-6211-22749909c412,NVIDIA A800-SXM4-80GB,0,0,56999.00,24921.00,81920.00,69.5789,66.61
1788255361358800374,165.813302,0,2,GPU-cc78c145-d270-f184-90af-1b97451aa32b,NVIDIA A800-SXM4-80GB,0,0,57514.38,24405.62,81920.00,70.2080,65.38
1788255361358800374,165.813302,1,3,GPU-3bffd5d2-3e59-3525-6211-22749909c412,NVIDIA A800-SXM4-80GB,0,0,56999.00,24921.00,81920.00,69.5789,66.61
1788255361583941002,166.038442,0,2,GPU-cc78c145-d270-f184-90af-1b97451aa32b,NVIDIA A800-SXM4-80GB,0,0,57514.38,24405.62,81920.00,70.2080,66.03
1788255361583941002,166.038442,1,3,GPU-3bffd5d2-3e59-3525-6211-22749909c412,NVIDIA A800-SXM4-80GB,0,0,56999.00,24921.00,81920.00,69.5789,66.89
1788255361809878115,166.264379,0,2,GPU-cc78c145-d270-f184-90af-1b97451aa32b,NVIDIA A800-SXM4-80GB,0,0,57514.38,24405.62,81920.00,70.2080,65.38
1788255361809878115,166.264379,1,3,GPU-3bffd5d2-3e59-3525-6211-22749909c412,NVIDIA A800-SXM4-80GB,0,0,56999.00,24921.00,81920.00,69.5789,66.61
1788255362036200160,166.490701,0,2,GPU-cc78c145-d270-f184-90af-1b97451aa32b,NVIDIA A800-SXM4-80GB,0,0,57514.38,24405.62,81920.00,70.2080,66.61
1788255362036200160,166.490701,1,3,GPU-3bffd5d2-3e59-3525-6211-22749909c412,NVIDIA A800-SXM4-80GB,0,0,56999.00,24921.00,81920.00,69.5789,66.61
1788255362268080380,166.722582,0,2,GPU-cc78c145-d270-f184-90af-1b97451aa32b,NVIDIA A800-SXM4-80GB,0,0,57514.38,24405.62,81920.00,70.2080,65.70
1788255362268080380,166.722582,1,3,GPU-3bffd5d2-3e59-3525-6211-22749909c412,NVIDIA A800-SXM4-80GB,0,0,56999.00,24921.00,81920.00,69.5789,66.61
1788255362494667668,166.949169,0,2,GPU-cc78c145-d270-f184-90af-1b97451aa32b,NVIDIA A800-SXM4-80GB,0,0,57514.38,24405.62,81920.00,70.2080,65.38
1788255362494667668,166.949169,1,3,GPU-3bffd5d2-3e59-3525-6211-22749909c412,NVIDIA A800-SXM4-80GB,0,0,56999.00,24921.00,81920.00,69.5789,66.61
1788255362721876194,167.176378,0,2,GPU-cc78c145-d270-f184-90af-1b97451aa32b,NVIDIA A800-SXM4-80GB,0,0,57514.38,24405.62,81920.00,70.2080,65.38
1788255362721876194,167.176378,1,3,GPU-3bffd5d2-3e59-3525-6211-22749909c412,NVIDIA A800-SXM4-80GB,0,0,56999.00,24921.00,81920.00,69.5789,66.89
1788255362949085698,167.403587,0,2,GPU-cc78c145-d270-f184-90af-1b97451aa32b,NVIDIA A800-SXM4-80GB,0,0,57514.38,24405.62,81920.00,70.2080,65.38
1788255362949085698,167.403587,1,3,GPU-3bffd5d2-3e59-3525-6211-22749909c412,NVIDIA A800-SXM4-80GB,0,0,56999.00,24921.00,81920.00,69.5789,66.61
1788255363176035451,167.630537,0,2,GPU-cc78c145-d270-f184-90af-1b97451aa32b,NVIDIA A800-SXM4-80GB,0,0,57514.38,24405.62,81920.00,70.2080,65.38
1788255363176035451,167.630537,1,3,GPU-3bffd5d2-3e59-3525-6211-22749909c412,NVIDIA A800-SXM4-80GB,0,0,56999.00,24921.00,81920.00,69.5789,66.61
1788255363402554636,167.857056,0,2,GPU-cc78c145-d270-f184-90af-1b97451aa32b,NVIDIA A800-SXM4-80GB,0,0,57514.38,24405.62,81920.00,70.2080,65.38
1788255363402554636,167.857056,1,3,GPU-3bffd5d2-3e59-3525-6211-22749909c412,NVIDIA A800-SXM4-80GB,0,0,56999.00,24921.00,81920.00,69.5789,66.61
1788255363629493543,168.083995,0,2,GPU-cc78c145-d270-f184-90af-1b97451aa32b,NVIDIA A800-SXM4-80GB,0,0,57514.38,24405.62,81920.00,70.2080,65.70
1788255363629493543,168.083995,1,3,GPU-3bffd5d2-3e59-3525-6211-22749909c412,NVIDIA A800-SXM4-80GB,0,0,56999.00,24921.00,81920.00,69.5789,66.61
1788255363856898752,168.311400,0,2,GPU-cc78c145-d270-f184-90af-1b97451aa32b,NVIDIA A800-SXM4-80GB,0,0,57514.38,24405.62,81920.00,70.2080,65.70
1788255363856898752,168.311400,1,3,GPU-3bffd5d2-3e59-3525-6211-22749909c412,NVIDIA A800-SXM4-80GB,0,0,56999.00,24921.00,81920.00,69.5789,66.61
1788255364084829674,168.539331,0,2,GPU-cc78c145-d270-f184-90af-1b97451aa32b,NVIDIA A800-SXM4-80GB,0,0,57514.38,24405.62,81920.00,70.2080,65.70
1788255364084829674,168.539331,1,3,GPU-3bffd5d2-3e59-3525-6211-22749909c412,NVIDIA A800-SXM4-80GB,0,0,56999.00,24921.00,81920.00,69.5789,66.61
1788255364319131281,168.773633,0,2,GPU-cc78c145-d270-f184-90af-1b97451aa32b,NVIDIA A800-SXM4-80GB,0,0,57514.38,24405.62,81920.00,70.2080,65.70
1788255364319131281,168.773633,1,3,GPU-3bffd5d2-3e59-3525-6211-22749909c412,NVIDIA A800-SXM4-80GB,0,0,56999.00,24921.00,81920.00,69.5789,66.61
1788255364546926252,169.001428,0,2,GPU-cc78c145-d270-f184-90af-1b97451aa32b,NVIDIA A800-SXM4-80GB,0,0,57514.38,24405.62,81920.00,70.2080,65.11
1788255364546926252,169.001428,1,3,GPU-3bffd5d2-3e59-3525-6211-22749909c412,NVIDIA A800-SXM4-80GB,0,0,56999.00,24921.00,81920.00,69.5789,66.61
1788255364774516330,169.229018,0,2,GPU-cc78c145-d270-f184-90af-1b97451aa32b,NVIDIA A800-SXM4-80GB,0,0,57514.38,24405.62,81920.00,70.2080,65.70
1788255364774516330,169.229018,1,3,GPU-3bffd5d2-3e59-3525-6211-22749909c412,NVIDIA A800-SXM4-80GB,0,0,56999.00,24921.00,81920.00,69.5789,66.61
1788255365001335182,169.455836,0,2,GPU-cc78c145-d270-f184-90af-1b97451aa32b,NVIDIA A800-SXM4-80GB,0,0,57514.38,24405.62,81920.00,70.2080,65.70
1788255365001335182,169.455836,1,3,GPU-3bffd5d2-3e59-3525-6211-22749909c412,NVIDIA A800-SXM4-80GB,0,0,56999.00,24921.00,81920.00,69.5789,66.61
1788255365229467891,169.683970,0,2,GPU-cc78c145-d270-f184-90af-1b97451aa32b,NVIDIA A800-SXM4-80GB,0,0,57514.38,24405.62,81920.00,70.2080,65.70
1788255365229467891,169.683970,1,3,GPU-3bffd5d2-3e59-3525-6211-22749909c412,NVIDIA A800-SXM4-80GB,0,0,56999.00,24921.00,81920.00,69.5789,66.61
1788255365455739514,169.910240,0,2,GPU-cc78c145-d270-f184-90af-1b97451aa32b,NVIDIA A800-SXM4-80GB,0,0,57514.38,24405.62,81920.00,70.2080,65.70
1788255365455739514,169.910240,1,3,GPU-3bffd5d2-3e59-3525-6211-22749909c412,NVIDIA A800-SXM4-80GB,0,0,56999.00,24921.00,81920.00,69.5789,66.61
1788255365682246003,170.136748,0,2,GPU-cc78c145-d270-f184-90af-1b97451aa32b,NVIDIA A800-SXM4-80GB,0,0,57514.38,24405.62,81920.00,70.2080,66.29
1788255365682246003,170.136748,1,3,GPU-3bffd5d2-3e59-3525-6211-22749909c412,NVIDIA A800-SXM4-80GB,0,0,56999.00,24921.00,81920.00,69.5789,66.61
1788255365909672297,170.364174,0,2,GPU-cc78c145-d270-f184-90af-1b97451aa32b,NVIDIA A800-SXM4-80GB,0,0,57514.38,24405.62,81920.00,70.2080,65.70
1788255365909672297,170.364174,1,3,GPU-3bffd5d2-3e59-3525-6211-22749909c412,NVIDIA A800-SXM4-80GB,0,0,56999.00,24921.00,81920.00,69.5789,66.61
1788255366135718480,170.590220,0,2,GPU-cc78c145-d270-f184-90af-1b97451aa32b,NVIDIA A800-SXM4-80GB,0,0,57514.38,24405.62,81920.00,70.2080,65.70
1788255366135718480,170.590220,1,3,GPU-3bffd5d2-3e59-3525-6211-22749909c412,NVIDIA A800-SXM4-80GB,0,0,56999.00,24921.00,81920.00,69.5789,66.89
1788255366364216633,170.818718,0,2,GPU-cc78c145-d270-f184-90af-1b97451aa32b,NVIDIA A800-SXM4-80GB,0,0,57514.38,24405.62,81920.00,70.2080,65.70
1788255366364216633,170.818718,1,3,GPU-3bffd5d2-3e59-3525-6211-22749909c412,NVIDIA A800-SXM4-80GB,0,0,56999.00,24921.00,81920.00,69.5789,66.61
1788255366591151672,171.045653,0,2,GPU-cc78c145-d270-f184-90af-1b97451aa32b,NVIDIA A800-SXM4-80GB,0,0,57514.38,24405.62,81920.00,70.2080,65.70
1788255366591151672,171.045653,1,3,GPU-3bffd5d2-3e59-3525-6211-22749909c412,NVIDIA A800-SXM4-80GB,0,0,56999.00,24921.00,81920.00,69.5789,66.61
1788255366816280599,171.270782,0,2,GPU-cc78c145-d270-f184-90af-1b97451aa32b,NVIDIA A800-SXM4-80GB,0,0,57514.38,24405.62,81920.00,70.2080,65.70
1788255366816280599,171.270782,1,3,GPU-3bffd5d2-3e59-3525-6211-22749909c412,NVIDIA A800-SXM4-80GB,0,0,56999.00,24921.00,81920.00,69.5789,66.61
1788255367043087871,171.497589,0,2,GPU-cc78c145-d270-f184-90af-1b97451aa32b,NVIDIA A800-SXM4-80GB,0,0,57514.38,24405.62,81920.00,70.2080,65.38
1788255367043087871,171.497589,1,3,GPU-3bffd5d2-3e59-3525-6211-22749909c412,NVIDIA A800-SXM4-80GB,0,0,56999.00,24921.00,81920.00,69.5789,67.21
1788255367271663668,171.726165,0,2,GPU-cc78c145-d270-f184-90af-1b97451aa32b,NVIDIA A800-SXM4-80GB,0,0,57514.38,24405.62,81920.00,70.2080,65.11
1788255367271663668,171.726165,1,3,GPU-3bffd5d2-3e59-3525-6211-22749909c412,NVIDIA A800-SXM4-80GB,0,0,56999.00,24921.00,81920.00,69.5789,66.61
1788255367501101871,171.955603,0,2,GPU-cc78c145-d270-f184-90af-1b97451aa32b,NVIDIA A800-SXM4-80GB,0,0,57514.38,24405.62,81920.00,70.2080,65.70
1788255367501101871,171.955603,1,3,GPU-3bffd5d2-3e59-3525-6211-22749909c412,NVIDIA A800-SXM4-80GB,0,0,56999.00,24921.00,81920.00,69.5789,66.61
1788255367727225943,172.181727,0,2,GPU-cc78c145-d270-f184-90af-1b97451aa32b,NVIDIA A800-SXM4-80GB,0,0,57514.38,24405.62,81920.00,70.2080,65.70
1788255367727225943,172.181727,1,3,GPU-3bffd5d2-3e59-3525-6211-22749909c412,NVIDIA A800-SXM4-80GB,0,0,56999.00,24921.00,81920.00,69.5789,66.61
1788255367957028997,172.411530,0,2,GPU-cc78c145-d270-f184-90af-1b97451aa32b,NVIDIA A800-SXM4-80GB,0,0,57514.38,24405.62,81920.00,70.2080,65.70
1788255367957028997,172.411530,1,3,GPU-3bffd5d2-3e59-3525-6211-22749909c412,NVIDIA A800-SXM4-80GB,0,0,56999.00,24921.00,81920.00,69.5789,66.61
