wall_time_ns,elapsed_s,gpu_id,sm_active,sm_occupancy,tensor_active,fp32_active,fp16_active,fp64_active,dram_active,gpu_util_pct,fb_used_mib
1788255192652614456,0.093636,3,0.000,0.000,0.000,0.000,0.000,0.000,0.000,0,54208
1788255192652652387,0.093673,2,0.000,0.000,0.000,0.000,0.000,0.000,0.000,0,54820
1788255192854039104,0.295060,3,0.000,0.000,0.000,0.000,0.000,0.000,0.000,0,54208
1788255192854070383,0.295091,2,0.000,0.000,0.000,0.000,0.000,0.000,0.000,0,54820
1788255193055512846,0.496534,3,0.000,0.000,0.000,0.000,0.000,0.000,0.000,0,54208
1788255193055544295,0.496565,2,0.000,0.000,0.000,0.000,0.000,0.000,0.000,0,54820
1788255193257097691,0.698119,3,0.000,0.000,0.000,0.000,0.000,0.000,0.000,0,54208
1788255193257134535,0.698155,2,0.000,0.000,0.000,0.000,0.000,0.000,0.000,0,54820
1788255193458547409,0.899569,3,0.000,0.000,0.000,0.000,0.000,0.000,0.000,0,54208
1788255193458581602,0.899602,2,0.000,0.000,0.000,0.000,0.000,0.000,0.000,0,54820
1788255193660376139,1.101398,3,0.000,0.000,0.000,0.000,0.000,0.000,0.000,0,54208
1788255193660416555,1.101438,2,0.000,0.000,0.000,0.000,0.000,0.000,0.000,0,54820
1788255193862281751,1.303303,3,0.000,0.000,0.000,0.000,0.000,0.000,0.000,0,54208
1788255193862318846,1.303340,2,0.000,0.000,0.000,0.000,0.000,0.000,0.000,0,54820
1788255194064086212,1.505108,3,0.000,0.000,0.000,0.000,0.000,0.000,0.000,0,54208
1788255194064119716,1.505141,2,0.000,0.000,0.000,0.000,0.000,0.000,0.000,0,54820
1788255194265880635,1.706902,3,0.000,0.000,0.000,0.000,0.000,0.000,0.000,0,54208
1788255194265912706,1.706933,2,0.000,0.000,0.000,0.000,0.000,0.000,0.000,0,54820
1788255194467758489,1.908780,3,0.000,0.000,0.000,0.000,0.000,0.000,0.000,0,54208
1788255194467792158,1.908813,2,0.000,0.000,0.000,0.000,0.000,0.000,0.000,0,54820
1788255194669553046,2.110575,3,0.000,0.000,0.000,0.000,0.000,0.000,0.000,0,54208
1788255194669588935,2.110610,2,0.000,0.000,0.000,0.000,0.000,0.000,0.000,0,54820
1788255194871545634,2.312567,3,0.000,0.000,0.000,0.000,0.000,0.000,0.000,0,54208
1788255194871570445,2.312591,2,0.000,0.000,0.000,0.000,0.000,0.000,0.000,0,54820
1788255195073510150,2.514532,3,0.000,0.000,0.000,0.000,0.000,0.000,0.000,0,54208
1788255195073552076,2.514573,2,0.000,0.000,0.000,0.000,0.000,0.000,0.000,6,55492
1788255195275364124,2.716386,3,0.000,0.000,0.000,0.000,0.000,0.000,0.000,0,54208
1788255195275398438,2.716419,2,0.000,0.000,0.000,0.000,0.000,0.000,0.008,54,55492
1788255195477307563,2.918329,3,0.000,0.000,0.000,0.000,0.000,0.000,0.000,0,54208
1788255195477342636,2.918363,2,0.039,0.034,0.000,0.000,0.000,0.000,0.036,74,55526
1788255195679299225,3.120321,3,0.000,0.000,0.000,0.000,0.000,0.000,0.000,0,54880
1788255195679332193,3.120353,2,0.056,0.006,0.020,0.000,0.000,0.000,0.023,6,55530
1788255195881096215,3.322118,3,0.000,0.000,0.000,0.000,0.000,0.000,0.008,28,54880
1788255195881121166,3.322142,2,0.000,0.000,0.000,0.000,0.000,0.000,0.000,0,55530
1788255196082936285,3.523957,3,0.039,0.034,0.000,0.000,0.000,0.000,0.038,100,54914
1788255196082963841,3.523985,2,0.000,0.000,0.000,0.000,0.000,0.000,0.000,0,55530
1788255196284753110,3.725775,3,0.076,0.020,0.017,0.000,0.000,0.000,0.030,9,54918
1788255196284779887,3.725801,2,0.000,0.000,0.000,0.000,0.000,0.000,0.000,0,55530
1788255196486593239,3.927615,3,0.250,0.066,0.057,0.009,0.000,0.000,0.189,29,54918
1788255196486620820,3.927642,2,0.000,0.000,0.000,0.000,0.000,0.000,0.000,0,55530
1788255196688394139,4.129416,3,0.000,0.000,0.000,0.011,0.000,0.000,0.191,41,54918
1788255196688418671,4.129440,2,0.000,0.000,0.000,0.000,0.000,0.000,0.000,0,55530
1788255196890244894,4.331266,3,0.249,0.067,0.056,0.010,0.000,0.000,0.194,40,54918
1788255196890268837,4.331290,2,0.000,0.000,0.000,0.000,0.000,0.000,0.000,0,55530
1788255197091981568,4.533003,3,0.241,0.064,0.054,0.011,0.000,0.000,0.191,40,54918
1788255197092006427,4.533027,2,0.000,0.000,0.000,0.000,0.000,0.000,0.000,0,55530
1788255197293758084,4.734779,3,0.242,0.065,0.055,0.010,0.000,0.000,0.190,41,54918
1788255197293785239,4.734806,2,0.000,0.000,0.000,0.000,0.000,0.000,0.000,0,55530
1788255197495512502,4.936534,3,0.245,0.065,0.055,0.010,0.000,0.000,0.192,40,54918
1788255197495550656,4.936572,2,0.000,0.000,0.000,0.000,0.000,0.000,0.000,0,55530
1788255197697220456,5.138242,3,0.249,0.067,0.056,0.010,0.000,0.000,0.195,41,54918
1788255197697242901,5.138264,2,0.000,0.000,0.000,0.000,0.000,0.000,0.000,0,55530
1788255197898940459,5.339962,3,0.000,0.000,0.000,0.009,0.000,0.000,0.178,40,54918
1788255197898964786,5.339986,2,0.000,0.000,0.000,0.000,0.000,0.000,0.000,0,55530
1788255198100662343,5.541683,3,0.206,0.055,0.047,0.009,0.000,0.000,0.163,34,54918
1788255198100685223,5.541706,2,0.000,0.000,0.000,0.000,0.000,0.000,0.000,0,55530
1788255198302472868,5.743495,3,0.191,0.051,0.043,0.008,0.000,0.000,0.154,34,54918
1788255198302499161,5.743520,2,0.000,0.000,0.000,0.000,0.000,0.000,0.000,0,55530
1788255198506868754,5.947890,3,0.172,0.046,0.038,0.007,0.000,0.000,0.139,30,54918
1788255198506896388,5.947917,2,0.000,0.000,0.000,0.000,0.000,0.000,0.000,0,55530
1788255198708802708,6.149824,3,0.191,0.051,0.043,0.007,0.000,0.000,0.141,29,54918
1788255198708832104,6.149853,2,0.000,0.000,0.000,0.000,0.000,0.000,0.000,0,55530
1788255198910621318,6.351643,3,0.177,0.047,0.040,0.007,0.000,0.000,0.136,29,54918
1788255198910646586,6.351667,2,0.000,0.000,0.000,0.000,0.000,0.000,0.000,0,55530
1788255199112458082,6.553480,3,0.166,0.045,0.037,0.006,0.000,0.000,0.127,26,54918
1788255199112483941,6.553505,2,0.000,0.000,0.000,0.000,0.000,0.000,0.000,0,55530
1788255199314199303,6.755221,3,0.147,0.039,0.033,0.010,0.000,0.000,0.146,26,54918
1788255199314226672,6.755248,2,0.000,0.000,0.000,0.000,0.000,0.000,0.000,0,55530
1788255199517027508,6.958049,3,0.192,0.051,0.043,0.010,0.000,0.000,0.165,36,54918
1788255199517071877,6.958093,2,0.000,0.000,0.000,0.000,0.000,0.000,0.000,0,55530
1788255199719239199,7.160261,3,0.225,0.060,0.054,0.009,0.000,0.000,0.162,38,54918
1788255199719272708,7.160294,2,0.000,0.000,0.000,0.000,0.000,0.000,0.000,0,55530
1788255199921458235,7.362480,3,0.225,0.061,0.053,0.009,0.000,0.000,0.162,35,54918
1788255199921495508,7.362517,2,0.000,0.000,0.000,0.000,0.000,0.000,0.000,0,55530
1788255200123616370,7.564638,3,0.214,0.057,0.052,0.009,0.000,0.000,0.158,40,54918
1788255200123646065,7.564667,2,0.000,0.000,0.000,0.000,0.000,0.000,0.000,0,55530
1788255200325814615,7.766836,3,0.270,0.072,0.065,0.000,0.000,0.000,0.203,39,54918
1788255200325845749,7.766867,2,0.000,0.000,0.000,0.000,0.000,0.000,0.000,0,55530
1788255200527989393,7.969011,3,0.250,0.067,0.060,0.011,0.000,0.000,0.191,44,54918
1788255200528020960,7.969042,2,0.000,0.000,0.000,0.000,0.000,0.000,0.000,0,55530
1788255200730189859,8.171211,3,0.236,0.063,0.053,0.010,0.000,0.000,0.184,40,54918
1788255200730220923,8.171242,2,0.000,0.000,0.000,0.000,0.000,0.000,0.000,0,55530
1788255200932349351,8.373371,3,0.212,0.057,0.048,0.009,0.000,0.000,0.167,39,54918
1788255200932381124,8.373402,2,0.000,0.000,0.000,0.000,0.000,0.000,0.000,0,55530
1788255201134520376,8.575542,3,0.220,0.059,0.050,0.000,0.000,0.000,0.166,37,54918
1788255201134551459,8.575572,2,0.000,0.000,0.000,0.000,0.000,0.000,0.000,0,55530
1788255201336685330,8.777707,3,0.197,0.052,0.045,0.008,0.000,0.000,0.161,35,54918
1788255201336714972,8.777736,2,0.000,0.000,0.000,0.000,0.000,0.000,0.000,0,55530
1788255201538839244,8.979861,3,0.188,0.050,0.043,0.009,0.000,0.000,0.158,35,54918
1788255201538872034,8.979893,2,0.000,0.000,0.000,0.000,0.000,0.000,0.000,0,55530
1788255201740984404,9.182006,3,0.220,0.058,0.050,0.008,0.000,0.000,0.160,34,54918
1788255201741013291,9.182034,2,0.000,0.000,0.000,0.000,0.000,0.000,0.000,0,55530
1788255201942720660,9.383742,3,0.201,0.053,0.046,0.007,0.000,0.000,0.150,33,54918
1788255201942743601,9.383765,2,0.000,0.000,0.000,0.000,0.000,0.000,0.000,0,55530
1788255202144450063,9.585472,3,0.198,0.053,0.044,0.007,0.000,0.000,0.140,33,54918
1788255202144474586,9.585495,2,0.000,0.000,0.000,0.000,0.000,0.000,0.000,0,55530
1788255202346195361,9.787217,3,0.162,0.043,0.037,0.008,0.000,0.000,0.153,30,54918
1788255202346218418,9.787239,2,0.000,0.000,0.000,0.000,0.000,0.000,0.000,0,55530
1788255202547949636,9.988971,3,0.168,0.045,0.040,0.007,0.000,0.000,0.138,32,54918
1788255202547987072,9.989008,2,0.000,0.000,0.000,0.000,0.000,0.000,0.000,0,55530
1788255202749756580,10.190778,3,0.208,0.056,0.051,0.008,0.000,0.000,0.125,32,54918
1788255202749784148,10.190805,2,0.000,0.000,0.000,0.000,0.000,0.000,0.000,0,55530
1788255202951559390,10.392581,3,0.198,0.053,0.049,0.009,0.000,0.000,0.172,32,54918
1788255202951589144,10.392610,2,0.000,0.000,0.000,0.000,0.000,0.000,0.000,0,55530
1788255203153326607,10.594349,3,0.259,0.069,0.062,0.012,0.000,0.000,0.174,44,54918
1788255203153352598,10.594373,2,0.000,0.000,0.000,0.000,0.000,0.000,0.000,0,55530
1788255203355113870,10.796135,3,0.160,0.043,0.037,0.006,0.000,0.000,0.126,33,54918
1788255203355138694,10.796160,2,0.000,0.000,0.000,0.000,0.000,0.000,0.000,0,55530
1788255203557829745,10.998851,3,0.174,0.047,0.040,0.005,0.000,0.000,0.127,27,54918
1788255203557855407,10.998876,2,0.000,0.000,0.000,0.000,0.000,0.000,0.000,0,55530
1788255203759369623,11.200391,3,0.000,0.000,0.000,0.004,0.000,0.000,0.019,27,54918
1788255203759392012,11.200413,2,0.000,0.000,0.000,0.000,0.000,0.000,0.006,0,56570
1788255203960850760,11.401872,3,0.000,0.000,0.000,0.000,0.000,0.000,0.000,0,54918
1788255203960872116,11.401893,2,0.065,0.059,0.000,0.000,0.000,0.000,0.027,93,56570
1788255204162277428,11.603299,3,0.000,0.000,0.000,0.000,0.000,0.000,0.000,0,54918
1788255204162297417,11.603318,2,0.000,0.000,0.000,0.000,0.000,0.000,0.027,100,56570
1788255204363775034,11.804796,3,0.000,0.000,0.000,0.000,0.000,0.000,0.000,0,54918
1788255204363796828,11.804818,2,0.000,0.000,0.000,0.000,0.000,0.000,0.109,100,56570
1788255204565332330,12.006354,3,0.000,0.000,0.000,0.000,0.000,0.000,0.040,13,55958
1788255204565361162,12.006382,2,0.000,0.000,0.000,0.000,0.000,0.000,0.000,36,56644
1788255204766791691,12.207813,3,0.000,0.000,0.000,0.000,0.000,0.000,0.042,100,55958
1788255204766807840,12.207829,2,0.000,0.000,0.000,0.000,0.000,0.000,0.000,0,56644
1788255204968275753,12.409297,3,0.059,0.053,0.000,0.000,0.000,0.000,0.037,100,55958
1788255204968299332,12.409320,2,0.000,0.000,0.000,0.000,0.000,0.000,0.000,0,56644
1788255205169744573,12.610766,3,0.529,0.052,0.195,0.001,0.000,0.000,0.387,99,55958
1788255205169764682,12.610785,2,0.000,0.000,0.000,0.000,0.000,0.000,0.000,0,56644
1788255205371239682,12.812261,3,0.562,0.056,0.207,0.003,0.000,0.000,0.487,70,55958
1788255205371260596,12.812281,2,0.000,0.000,0.000,0.000,0.000,0.000,0.000,0,56644
1788255205572801479,13.013823,3,0.526,0.052,0.194,0.003,0.000,0.000,0.480,74,55958
1788255205572822371,13.013843,2,0.000,0.000,0.000,0.000,0.000,0.000,0.000,0,56644
1788255205774308010,13.215329,3,0.579,0.057,0.213,0.003,0.000,0.000,0.495,74,55958
1788255205774328585,13.215350,2,0.000,0.000,0.000,0.000,0.000,0.000,0.000,0,56644
1788255205975896422,13.416918,3,0.513,0.051,0.189,0.004,0.000,0.000,0.467,74,55958
1788255205975920290,13.416941,2,0.000,0.000,0.000,0.000,0.000,0.000,0.000,0,56644
1788255206177408200,13.618429,3,0.550,0.054,0.202,0.003,0.000,0.000,0.475,71,55958
1788255206177430459,13.618451,2,0.000,0.000,0.000,0.000,0.000,0.000,0.000,0,56644
1788255206378947778,13.819969,3,0.488,0.048,0.180,0.003,0.000,0.000,0.447,73,55958
1788255206378970886,13.819992,2,0.000,0.000,0.000,0.000,0.000,0.000,0.000,0,56644
1788255206580443777,14.021465,3,0.440,0.043,0.162,0.003,0.000,0.000,0.396,67,55958
1788255206580466388,14.021487,2,0.000,0.000,0.000,0.000,0.000,0.000,0.000,0,56644
1788255206781903937,14.222925,3,0.384,0.038,0.141,0.003,0.000,0.000,0.372,61,55958
1788255206781934289,14.222955,2,0.000,0.000,0.000,0.000,0.000,0.000,0.000,0,56644
1788255206983342027,14.424363,3,0.427,0.042,0.157,0.002,0.000,0.000,0.369,56,55958
1788255206983369794,14.424391,2,0.000,0.000,0.000,0.000,0.000,0.000,0.000,0,56644
1788255207184820047,14.625841,3,0.382,0.038,0.140,0.002,0.000,0.000,0.341,53,55958
1788255207184848742,14.625870,2,0.000,0.000,0.000,0.000,0.000,0.000,0.000,0,56644
1788255207386317592,14.827339,3,0.468,0.046,0.172,0.002,0.000,0.000,0.370,53,55958
1788255207386348468,14.827369,2,0.000,0.000,0.000,0.000,0.000,0.000,0.000,0,56644
1788255207587724317,15.028746,3,0.526,0.052,0.193,0.003,0.000,0.000,0.456,64,55958
1788255207587760815,15.028782,2,0.000,0.000,0.000,0.000,0.000,0.000,0.000,0,56644
1788255207789478947,15.230500,3,0.479,0.047,0.176,0.003,0.000,0.000,0.415,67,55958
1788255207789504239,15.230525,2,0.000,0.000,0.000,0.000,0.000,0.000,0.000,0,56644
1788255207990951175,15.431973,3,0.544,0.054,0.200,0.003,0.000,0.000,0.444,64,55958
1788255207990975834,15.431997,2,0.000,0.000,0.000,0.000,0.000,0.000,0.000,0,56644
1788255208192711718,15.633733,3,0.455,0.045,0.167,0.003,0.000,0.000,0.380,65,55958
1788255208192739572,15.633760,2,0.000,0.000,0.000,0.000,0.000,0.000,0.000,0,56644
1788255208394200132,15.835222,3,0.576,0.057,0.212,0.004,0.000,0.000,0.489,62,55958
1788255208394226230,15.835247,2,0.000,0.000,0.000,0.000,0.000,0.000,0.000,0,56644
1788255208595971341,16.036993,3,0.553,0.054,0.203,0.003,0.000,0.000,0.448,73,55958
1788255208595998569,16.037019,2,0.000,0.000,0.000,0.000,0.000,0.000,0.000,0,56644
1788255208797456453,16.238478,3,0.507,0.050,0.186,0.003,0.000,0.000,0.447,69,55958
1788255208797482634,16.238503,2,0.000,0.000,0.000,0.000,0.000,0.000,0.000,0,56644
1788255208999211209,16.440233,3,0.470,0.046,0.173,0.003,0.000,0.000,0.419,67,55958
1788255208999234734,16.440256,2,0.000,0.000,0.000,0.000,0.000,0.000,0.000,0,56644
1788255209200673114,16.641695,3,0.455,0.045,0.167,0.003,0.000,0.000,0.391,64,55958
1788255209200698929,16.641720,2,0.000,0.000,0.000,0.000,0.000,0.000,0.000,0,56644
1788255209402440748,16.843462,3,0.457,0.045,0.168,0.003,0.000,0.000,0.385,59,55958
1788255209402468377,16.843489,2,0.000,0.000,0.000,0.000,0.000,0.000,0.000,0,56644
1788255209603920037,17.044942,3,0.444,0.044,0.163,0.003,0.000,0.000,0.397,58,55958
1788255209603944550,17.044966,2,0.000,0.000,0.000,0.000,0.000,0.000,0.000,0,56644
1788255209805675990,17.246697,3,0.410,0.040,0.151,0.002,0.000,0.000,0.336,54,55958
1788255209805696228,17.246717,2,0.000,0.000,0.000,0.000,0.000,0.000,0.000,0,56644
1788255210007429638,17.448451,3,0.000,0.000,0.000,0.001,0.000,0.000,0.021,0,55958
1788255210007451669,17.448473,2,0.000,0.000,0.000,0.000,0.000,0.000,0.035,39,56714
1788255210209145233,17.650167,3,0.555,0.055,0.204,0.001,0.000,0.000,0.390,61,55958
1788255210209168750,17.650190,2,0.000,0.000,0.000,0.013,0.000,0.000,0.032,0,56714
1788255210410857339,17.851879,3,0.565,0.056,0.207,0.003,0.000,0.000,0.497,75,55958
1788255210410880174,17.851901,2,0.000,0.000,0.000,0.000,0.000,0.000,0.000,0,56714
1788255210612658855,18.053680,3,0.544,0.054,0.200,0.004,0.000,0.000,0.485,75,55958
1788255210612685137,18.053706,2,0.000,0.000,0.000,0.000,0.000,0.000,0.000,0,56714
1788255210814449131,18.255471,3,0.554,0.054,0.203,0.004,0.000,0.000,0.473,73,55958
1788255210814474181,18.255495,2,0.000,0.000,0.000,0.000,0.000,0.000,0.054,7,56716
1788255211016203661,18.457225,3,0.478,0.049,0.203,0.002,0.000,0.000,0.474,72,55958
1788255211016228170,18.457249,2,0.000,0.000,0.000,0.000,0.000,0.000,0.000,0,56716
1788255211217970449,18.658992,3,0.422,0.043,0.178,0.002,0.000,0.000,0.427,65,55958
1788255211217994808,18.659016,2,0.000,0.000,0.000,0.000,0.000,0.000,0.000,0,56716
1788255211419726230,18.860748,3,0.328,0.034,0.139,0.002,0.000,0.000,0.353,57,55958
1788255211419752795,18.860774,2,0.073,0.011,0.053,0.000,0.000,0.000,0.034,7,56716
1788255211621469571,19.062491,3,0.420,0.043,0.176,0.002,0.000,0.000,0.409,60,55958
1788255211621495402,19.062516,2,0.000,0.000,0.000,0.000,0.000,0.000,0.000,0,56716
1788255211823257315,19.264279,3,0.352,0.036,0.147,0.002,0.000,0.000,0.350,57,55958
1788255211823282555,19.264303,2,0.083,0.006,0.039,0.000,0.000,0.000,0.023,6,56716
1788255212025042119,19.466063,3,0.335,0.034,0.128,0.002,0.000,0.000,0.339,49,55958
1788255212025068264,19.466089,2,0.000,0.000,0.000,0.000,0.000,0.000,0.000,0,56716
1788255212226836672,19.667858,3,0.369,0.038,0.141,0.002,0.000,0.000,0.347,58,55958
1788255212226863574,19.667885,2,0.000,0.000,0.000,0.000,0.000,0.000,0.000,0,56716
1788255212428632734,19.869654,3,0.426,0.043,0.163,0.002,0.000,0.000,0.368,53,55958
1788255212428660430,19.869681,2,0.117,0.009,0.054,0.000,0.000,0.000,0.054,6,56716
1788255212630439136,20.071460,3,0.389,0.040,0.148,0.002,0.000,0.000,0.358,58,55958
1788255212630483699,20.071505,2,0.000,0.000,0.000,0.000,0.000,0.000,0.000,0,56716
1788255212832264208,20.273286,3,0.393,0.040,0.149,0.002,0.000,0.000,0.375,57,55958
1788255212832289355,20.273310,2,0.000,0.000,0.000,0.000,0.000,0.000,0.000,0,56716
1788255213034090060,20.475112,3,0.471,0.049,0.178,0.002,0.000,0.000,0.391,56,55958
1788255213034122863,20.475144,2,0.000,0.000,0.000,0.002,0.000,0.000,0.027,7,56716
1788255213235889752,20.676911,3,0.469,0.048,0.177,0.002,0.000,0.000,0.431,67,55958
1788255213235920407,20.676941,2,0.000,0.000,0.000,0.000,0.000,0.000,0.000,0,56716
1788255213437684785,20.878706,3,0.405,0.041,0.154,0.002,0.000,0.000,0.372,54,55958
1788255213437712474,20.878733,2,0.000,0.000,0.000,0.000,0.000,0.000,0.000,0,56716
1788255213639502082,21.080523,3,0.352,0.036,0.134,0.002,0.000,0.000,0.333,51,55958
1788255213639528177,21.080549,2,0.000,0.000,0.000,0.000,0.000,0.000,0.000,0,56716
1788255213841270598,21.282293,3,0.367,0.038,0.139,0.002,0.000,0.000,0.334,51,55958
1788255213841295274,21.282316,2,0.000,0.000,0.000,0.001,0.000,0.000,0.022,7,56716
1788255214043019495,21.484041,3,0.349,0.036,0.132,0.002,0.000,0.000,0.300,46,55958
1788255214043051114,21.484072,2,0.000,0.000,0.000,0.000,0.000,0.000,0.000,0,56716
1788255214244798190,21.685820,3,0.336,0.035,0.127,0.001,0.000,0.000,0.278,47,55958
1788255214244826117,21.685847,2,0.000,0.000,0.000,0.000,0.000,0.000,0.000,0,56716
1788255214446626949,21.887649,3,0.354,0.036,0.134,0.002,0.000,0.000,0.339,50,55958
1788255214446655076,21.887676,2,0.000,0.000,0.000,0.000,0.000,0.000,0.000,0,56716
1788255214648376715,22.089398,3,0.236,0.024,0.089,0.002,0.000,0.000,0.274,43,55958
1788255214648403266,22.089424,2,0.000,0.000,0.000,0.000,0.000,0.000,0.000,0,56716
1788255214850190658,22.291212,3,0.299,0.031,0.113,0.002,0.000,0.000,0.299,47,55958
1788255214850217612,22.291239,2,0.116,0.009,0.054,0.000,0.000,0.000,0.054,6,56716
1788255215051891755,22.492913,3,0.401,0.040,0.138,0.002,0.000,0.000,0.278,43,55958
1788255215051923946,22.492945,2,0.000,0.000,0.000,0.001,0.000,0.000,0.027,6,56716
1788255215253659700,22.694681,3,0.380,0.038,0.131,0.001,0.000,0.000,0.284,43,55958
1788255215253689977,22.694711,2,0.000,0.000,0.000,0.000,0.000,0.000,0.000,6,56716
1788255215455544793,22.896566,3,0.491,0.049,0.170,0.001,0.000,0.000,0.293,40,55958
1788255215455575259,22.896596,2,0.000,0.000,0.000,0.000,0.000,0.000,0.000,0,56716
1788255215657384109,23.098406,3,0.472,0.047,0.163,0.003,0.000,0.000,0.413,66,55958
1788255215657412047,23.098433,2,0.099,0.015,0.080,0.000,0.000,0.000,0.016,0,56716
1788255215859218766,23.300240,3,0.323,0.032,0.111,0.001,0.000,0.000,0.222,32,55958
1788255215859244435,23.300265,2,0.000,0.000,0.000,0.000,0.000,0.000,0.024,16,56716
1788255216060955106,23.501977,3,0.137,0.014,0.047,0.002,0.000,0.000,0.170,31,55958
1788255216060984708,23.502006,2,0.000,0.000,0.000,0.000,0.000,0.000,0.000,0,56716
1788255216262761545,23.703783,3,0.382,0.038,0.131,0.001,0.000,0.000,0.274,39,55958
1788255216262790002,23.703811,2,0.000,0.000,0.000,0.000,0.000,0.000,0.000,0,56716
1788255216464626427,23.905648,3,0.232,0.024,0.080,0.002,0.000,0.000,0.215,35,55958
1788255216464657432,23.905678,2,0.000,0.000,0.000,0.001,0.000,0.000,0.026,0,56716
1788255216666460703,24.107482,3,0.412,0.042,0.142,0.002,0.000,0.000,0.302,44,55958
1788255216666493111,24.107514,2,0.137,0.017,0.087,0.000,0.000,0.000,0.057,7,56716
1788255216868337140,24.309359,3,0.138,0.014,0.047,0.002,0.000,0.000,0.146,25,55958
1788255216868366518,24.309387,2,0.000,0.000,0.000,0.000,0.000,0.000,0.000,7,56716
1788255217070173922,24.511195,3,0.307,0.031,0.105,0.002,0.000,0.000,0.254,38,55958
1788255217070203646,24.511225,2,0.045,0.007,0.035,0.000,0.000,0.000,0.039,6,56716
1788255217271716001,24.712738,3,0.267,0.027,0.089,0.001,0.000,0.000,0.219,40,55958
1788255217271741924,24.712763,2,0.000,0.000,0.000,0.000,0.000,0.000,0.024,11,56716
1788255217473583780,24.914605,3,0.204,0.021,0.070,0.002,0.000,0.000,0.196,31,55958
1788255217473615103,24.914636,2,0.000,0.000,0.000,0.001,0.000,0.000,0.014,0,56716
1788255217675086315,25.116108,3,0.429,0.044,0.146,0.003,0.000,0.000,0.327,55,55958
1788255217675115376,25.116136,2,0.000,0.000,0.000,0.000,0.000,0.000,0.000,6,56716
1788255217876903297,25.317925,3,0.226,0.023,0.077,0.002,0.000,0.000,0.272,48,55958
1788255217876933443,25.317954,2,0.145,0.021,0.103,0.000,0.000,0.000,0.028,0,56716
1788255218078359273,25.519382,3,0.182,0.019,0.062,0.001,0.000,0.000,0.188,33,55958
1788255218078387077,25.519408,2,0.000,0.000,0.000,0.000,0.000,0.000,0.000,7,56716
1788255218280191049,25.721212,3,0.211,0.018,0.078,0.001,0.000,0.000,0.167,29,55958
1788255218280218629,25.721240,2,0.000,0.000,0.000,0.001,0.000,0.000,0.029,0,56716
1788255218482053802,25.923075,3,0.188,0.014,0.073,0.001,0.000,0.000,0.199,35,55958
1788255218482084003,25.923105,2,0.000,0.000,0.000,0.001,0.000,0.000,0.083,6,56716
1788255218683519327,26.124541,3,0.202,0.015,0.077,0.001,0.000,0.000,0.202,29,55958
1788255218683555364,26.124576,2,0.000,0.000,0.000,0.000,0.000,0.000,0.000,12,56716
1788255218885344180,26.326365,3,0.248,0.019,0.094,0.001,0.000,0.000,0.205,35,55958
1788255218885372206,26.326393,2,0.000,0.000,0.000,0.000,0.000,0.000,0.011,0,56716
1788255219087159690,26.528181,3,0.249,0.018,0.097,0.001,0.000,0.000,0.238,29,55958
1788255219087191876,26.528213,2,0.000,0.000,0.000,0.001,0.000,0.000,0.017,6,56716
1788255219288973653,26.729995,3,0.117,0.009,0.045,0.001,0.000,0.000,0.183,29,55958
1788255219289004168,26.730025,2,0.000,0.000,0.000,0.000,0.000,0.000,0.057,0,56718
1788255219490895236,26.931917,3,0.234,0.017,0.091,0.002,0.000,0.000,0.171,34,55958
1788255219490929060,26.931950,2,0.000,0.000,0.000,0.000,0.000,0.000,0.000,7,56718
1788255219692689587,27.133711,3,0.351,0.026,0.136,0.002,0.000,0.000,0.297,49,55958
1788255219692717014,27.133738,2,0.000,0.000,0.000,0.000,0.000,0.000,0.000,0,56718
1788255219894474021,27.335495,3,0.131,0.010,0.051,0.001,0.000,0.000,0.199,36,55958
1788255219894499771,27.335521,2,0.000,0.000,0.000,0.000,0.000,0.000,0.000,0,56718
1788255220096233317,27.537255,3,0.317,0.024,0.123,0.001,0.000,0.000,0.237,35,55958
1788255220096260293,27.537281,2,0.000,0.000,0.000,0.000,0.000,0.000,0.000,0,56718
1788255220298063073,27.739085,3,0.201,0.015,0.078,0.001,0.000,0.000,0.135,27,55958
1788255220298091369,27.739112,2,0.000,0.000,0.000,0.000,0.000,0.000,0.000,0,56718
1788255220499838470,27.940860,3,0.143,0.011,0.055,0.002,0.000,0.000,0.164,32,55958
1788255220499866868,27.940888,2,0.059,0.005,0.027,0.000,0.000,0.000,0.029,0,56718
1788255220701649983,28.142671,3,0.229,0.017,0.089,0.002,0.000,0.000,0.168,25,55958
1788255220701676124,28.142697,2,0.000,0.000,0.000,0.000,0.000,0.000,0.000,6,56718
1788255220903440003,28.344461,3,0.185,0.014,0.070,0.002,0.000,0.000,0.165,34,55958
1788255220903466629,28.344487,2,0.128,0.013,0.053,0.000,0.000,0.000,0.081,0,56718
1788255221105210566,28.546232,3,0.355,0.027,0.137,0.002,0.000,0.000,0.307,38,55958
1788255221105236262,28.546257,2,0.000,0.000,0.000,0.000,0.000,0.000,0.000,12,56718
1788255221307042374,28.748064,3,0.118,0.009,0.046,0.001,0.000,0.000,0.110,24,55958
1788255221307068767,28.748090,2,0.152,0.021,0.104,0.000,0.000,0.000,0.028,0,56718
1788255221508838180,28.949860,3,0.255,0.020,0.098,0.001,0.000,0.000,0.223,33,55958
1788255221508864699,28.949886,2,0.000,0.000,0.000,0.000,0.000,0.000,0.000,7,56718
1788255221710727485,29.151749,3,0.117,0.009,0.049,0.001,0.000,0.000,0.165,24,55958
1788255221710759062,29.151780,2,0.000,0.000,0.000,0.000,0.000,0.000,0.054,0,56718
1788255221912518593,29.353540,3,0.210,0.017,0.089,0.001,0.000,0.000,0.155,31,55958
1788255221912547392,29.353568,2,0.000,0.000,0.000,0.000,0.000,0.000,0.060,7,56718
1788255222114327802,29.555350,3,0.331,0.026,0.142,0.003,0.000,0.000,0.313,51,55958
1788255222114357368,29.555378,2,0.000,0.000,0.000,0.000,0.000,0.000,0.000,7,56718
1788255222316144685,29.757167,3,0.119,0.009,0.046,0.002,0.000,0.000,0.143,28,55958
1788255222316172477,29.757194,2,0.030,0.003,0.014,0.000,0.000,0.000,0.022,0,56718
1788255222518026265,29.959048,3,0.239,0.019,0.092,0.001,0.000,0.000,0.141,25,55958
1788255222518057291,29.959078,2,0.000,0.000,0.000,0.000,0.000,0.000,0.000,6,56718
1788255222719980805,30.161002,3,0.280,0.022,0.107,0.002,0.000,0.000,0.233,35,55958
1788255222720015220,30.161036,2,0.000,0.000,0.000,0.000,0.000,0.000,0.000,0,56718
1788255222921917917,30.362939,3,0.188,0.015,0.072,0.001,0.000,0.000,0.102,24,55958
1788255222921950806,30.362972,2,0.000,0.000,0.000,0.000,0.000,0.000,0.000,0,56718
1788255223123740084,30.564761,3,0.257,0.020,0.099,0.001,0.000,0.000,0.163,24,55958
1788255223123766099,30.564787,2,0.000,0.000,0.000,0.000,0.000,0.000,0.000,0,56718
1788255223325545265,30.766567,3,0.127,0.010,0.049,0.002,0.000,0.000,0.142,29,55958
1788255223325575079,30.766596,2,0.000,0.000,0.000,0.000,0.000,0.000,0.000,0,56718
1788255223527355725,30.968377,3,0.000,0.000,0.000,0.001,0.000,0.000,0.030,7,55958
1788255223527389446,30.968410,2,0.000,0.000,0.000,0.000,0.000,0.000,0.000,0,56718
1788255223729151156,31.170172,3,0.000,0.000,0.000,0.000,0.000,0.000,0.053,6,55958
1788255223729177952,31.170199,2,0.000,0.000,0.000,0.000,0.000,0.000,0.000,0,56718
1788255223931084171,31.372106,3,0.053,0.004,0.020,0.002,0.000,0.000,0.141,24,55958
1788255223931107113,31.372128,2,0.000,0.000,0.000,0.000,0.000,0.000,0.000,0,56718
1788255224132865519,31.573887,3,0.000,0.000,0.000,0.001,0.000,0.000,0.030,6,55958
1788255224132889602,31.573910,2,0.000,0.000,0.000,0.000,0.000,0.000,0.043,0,56718
1788255224334600454,31.775622,3,0.000,0.000,0.000,0.000,0.000,0.000,0.125,10,55958
1788255224334626593,31.775648,2,0.000,0.000,0.000,0.001,0.000,0.000,0.048,78,56718
1788255224536378286,31.977400,3,0.139,0.011,0.063,0.003,0.000,0.000,0.177,31,55958
1788255224536404367,31.977425,2,0.113,0.020,0.070,0.000,0.000,0.000,0.015,54,56718
1788255224738194661,32.179216,3,0.134,0.011,0.061,0.000,0.000,0.000,0.089,16,55958
1788255224738221350,32.179242,2,0.000,0.000,0.000,0.000,0.000,0.000,0.000,8,56718
1788255224940052064,32.381073,3,0.152,0.012,0.068,0.003,0.000,0.000,0.270,38,55958
1788255224940079757,32.381101,2,0.000,0.000,0.000,0.000,0.000,0.000,0.010,0,56718
1788255225141989503,32.583011,3,0.217,0.017,0.098,0.001,0.000,0.000,0.143,25,55958
1788255225142020478,32.583041,2,0.000,0.000,0.000,0.000,0.000,0.000,0.012,3,56718
1788255225343853470,32.784875,3,0.000,0.000,0.000,0.000,0.000,0.000,0.000,0,55958
1788255225343877553,32.784898,2,0.000,0.000,0.000,0.000,0.000,0.000,0.047,3,56718
1788255225545573759,32.986595,3,0.000,0.000,0.000,0.000,0.000,0.000,0.000,0,55958
1788255225545599102,32.986620,2,0.000,0.000,0.000,0.000,0.000,0.000,0.027,98,56718
1788255225747268151,33.188289,3,0.000,0.000,0.000,0.000,0.000,0.000,0.000,0,55958
1788255225747290825,33.188312,2,0.162,0.063,0.040,0.000,0.000,0.000,0.099,100,56718
1788255225949000482,33.390022,3,0.037,0.003,0.017,0.000,0.000,0.000,0.022,6,55958
1788255225949027564,33.390049,2,0.000,0.000,0.000,0.000,0.000,0.000,0.009,100,56718
1788255226150930477,33.591952,3,0.000,0.000,0.000,0.000,0.000,0.000,0.000,0,55958
1788255226150956969,33.591978,2,0.071,0.011,0.037,0.000,0.000,0.000,0.057,55,56718
1788255226352812268,33.793834,3,0.159,0.013,0.071,0.000,0.000,0.000,0.051,13,55958
1788255226352840215,33.793861,2,0.000,0.000,0.000,0.000,0.000,0.000,0.022,93,56718
1788255226554598381,33.995620,3,0.000,0.000,0.000,0.000,0.000,0.000,0.000,0,55958
1788255226554624671,33.995646,2,0.000,0.000,0.000,0.000,0.000,0.000,0.026,88,56718
1788255226756268387,34.197290,3,0.000,0.000,0.000,0.000,0.000,0.000,0.000,0,55958
1788255226756292698,34.197314,2,0.139,0.128,0.000,0.000,0.000,0.000,0.086,100,56718
1788255226958301213,34.399323,3,0.000,0.000,0.000,0.000,0.000,0.000,0.002,0,55958
1788255226958341428,34.399362,2,0.000,0.000,0.000,0.000,0.000,0.000,0.085,100,56718
1788255227160303848,34.601325,3,0.000,0.000,0.000,0.000,0.000,0.000,0.041,9,55958
1788255227160332038,34.601353,2,0.004,0.001,0.002,0.000,0.000,0.000,0.002,47,56718
1788255227362332092,34.803353,3,0.042,0.035,0.001,0.000,0.000,0.000,0.055,83,55958
1788255227362362845,34.803384,2,0.000,0.000,0.000,0.000,0.000,0.000,0.100,0,56718
1788255227564261026,35.005283,3,0.000,0.000,0.000,0.000,0.000,0.000,0.021,80,55958
1788255227564295257,35.005316,2,0.000,0.000,0.000,0.000,0.000,0.000,0.006,38,56718
1788255227766202763,35.207224,3,0.000,0.000,0.000,0.000,0.000,0.000,0.006,100,55958
1788255227766231100,35.207252,2,0.053,0.036,0.004,0.000,0.000,0.000,0.042,100,56718
1788255227968145192,35.409167,3,0.070,0.057,0.003,0.000,0.000,0.000,0.088,100,55958
1788255227968172547,35.409194,2,0.000,0.000,0.000,0.001,0.000,0.000,0.050,100,56718
1788255228170142878,35.611165,3,0.000,0.000,0.000,0.001,0.000,0.000,0.145,100,55958
1788255228170172219,35.611193,2,0.000,0.000,0.000,0.000,0.000,0.000,0.006,57,56718
1788255228372035045,35.813056,3,0.015,0.001,0.006,0.000,0.000,0.000,0.003,100,55960
1788255228372060028,35.813081,2,0.000,0.000,0.000,0.000,0.000,0.000,0.028,0,56718
1788255228573762008,36.014783,3,0.000,0.000,0.000,0.000,0.000,0.000,0.000,28,55960
1788255228573787347,36.014808,2,0.000,0.000,0.000,0.000,0.000,0.000,0.026,88,56718
1788255228775527321,36.216549,3,0.000,0.000,0.000,0.000,0.000,0.000,0.000,0,55960
1788255228775551544,36.216573,2,0.000,0.000,0.000,0.000,0.000,0.000,0.026,100,56718
1788255228977455998,36.418477,3,0.209,0.024,0.115,0.000,0.000,0.000,0.148,0,55960
1788255228977487823,36.418509,2,0.181,0.070,0.066,0.000,0.000,0.000,0.096,100,56718
1788255229179489744,36.620511,3,0.239,0.027,0.132,0.001,0.000,0.000,0.083,13,55960
1788255229179520120,36.620541,2,0.000,0.000,0.000,0.000,0.000,0.000,0.000,31,56718
1788255229381390023,36.822412,3,0.000,0.000,0.000,0.000,0.000,0.000,0.000,25,55960
1788255229381418239,36.822439,2,0.000,0.000,0.000,0.000,0.000,0.000,0.010,19,56718
1788255229583364933,37.024387,3,0.138,0.016,0.076,0.000,0.000,0.000,0.073,0,55960
1788255229583393707,37.024415,2,0.051,0.005,0.018,0.000,0.000,0.000,0.059,100,56718
1788255229785326066,37.226348,3,0.137,0.016,0.075,0.000,0.000,0.000,0.030,13,55960
1788255229785359085,37.226380,2,0.000,0.000,0.000,0.014,0.000,0.000,0.038,37,56718
1788255229987207003,37.428228,3,0.000,0.000,0.000,0.000,0.000,0.000,0.000,13,55960
1788255229987231411,37.428252,2,0.074,0.068,0.000,0.000,0.000,0.000,0.044,55,56718
1788255230189049917,37.630071,3,0.000,0.000,0.000,0.000,0.000,0.000,0.000,0,55960
1788255230189076784,37.630098,2,0.000,0.000,0.000,0.000,0.000,0.000,0.026,100,56718
1788255230390893531,37.831915,3,0.000,0.000,0.000,0.000,0.000,0.000,0.031,0,55960
1788255230390920265,37.831941,2,0.000,0.000,0.000,0.000,0.000,0.000,0.027,100,56718
1788255230592882815,38.033904,3,0.147,0.017,0.092,0.000,0.000,0.000,0.030,5,55960
1788255230592914482,38.033935,2,0.000,0.000,0.000,0.004,0.000,0.000,0.037,74,56718
1788255230794882021,38.235904,3,0.000,0.000,0.000,0.000,0.000,0.000,0.000,10,55960
1788255230794911756,38.235933,2,0.000,0.000,0.000,0.000,0.000,0.000,0.042,31,56718
1788255230996845426,38.437867,3,0.166,0.019,0.104,0.002,0.000,0.000,0.123,0,55960
1788255230996874422,38.437895,2,0.201,0.060,0.113,0.000,0.000,0.000,0.034,98,56718
1788255231198754874,38.639776,3,0.000,0.000,0.000,0.002,0.000,0.000,0.087,14,55960
1788255231198787553,38.639809,2,0.191,0.089,0.078,0.003,0.000,0.000,0.083,86,56718
1788255231400669559,38.841691,3,0.000,0.000,0.000,0.000,0.000,0.000,0.000,21,55960
1788255231400699476,38.841720,2,0.000,0.000,0.000,0.000,0.000,0.000,0.030,100,56718
1788255231602682768,39.043705,3,0.148,0.017,0.093,0.002,0.000,0.000,0.091,0,55960
1788255231602711725,39.043733,2,0.000,0.000,0.000,0.000,0.000,0.000,0.176,100,56718
1788255231804493451,39.245515,3,0.000,0.000,0.000,0.000,0.000,0.000,0.000,7,55960
1788255231804520250,39.245541,2,0.438,0.078,0.353,0.006,0.000,0.000,0.090,83,56718
1788255232006316838,39.447339,3,0.000,0.000,0.000,0.002,0.000,0.000,0.030,7,55960
1788255232006347462,39.447369,2,0.069,0.062,0.000,0.004,0.000,0.000,0.085,71,56718
1788255232208282234,39.649304,3,0.149,0.017,0.093,0.002,0.000,0.000,0.120,8,55960
1788255232208319658,39.649340,2,0.390,0.080,0.288,0.000,0.000,0.000,0.058,11,56718
1788255232410121521,39.851143,3,0.195,0.023,0.122,0.001,0.000,0.000,0.123,21,55960
1788255232410147833,39.851169,2,0.000,0.000,0.000,0.000,0.000,0.000,0.000,4,56718
1788255232611951115,40.052973,3,0.149,0.017,0.093,0.003,0.000,0.000,0.118,21,55960
1788255232611986849,40.053008,2,0.080,0.012,0.040,0.000,0.000,0.000,0.013,0,56718
1788255232813782886,40.254804,3,0.152,0.018,0.094,0.002,0.000,0.000,0.121,24,55960
1788255232813808501,40.254829,2,0.000,0.000,0.000,0.000,0.000,0.000,0.013,3,56718
1788255233015682685,40.456705,3,0.000,0.000,0.000,0.000,0.000,0.000,0.036,32,55960
1788255233015717884,40.456739,2,0.000,0.000,0.000,0.000,0.000,0.000,0.000,0,56718
1788255233217623226,40.658644,3,0.000,0.000,0.000,0.000,0.000,0.000,0.027,100,55960
1788255233217651078,40.658672,2,0.000,0.000,0.000,0.000,0.000,0.000,0.000,0,56718
1788255233419686887,40.860708,3,0.000,0.000,0.000,0.000,0.000,0.000,0.044,87,55960
1788255233419716144,40.860737,2,0.000,0.000,0.000,0.000,0.000,0.000,0.023,3,56718
1788255233621671722,41.062693,3,0.073,0.066,0.000,0.000,0.000,0.000,0.028,100,55962
1788255233621708873,41.062730,2,0.000,0.000,0.000,0.000,0.000,0.000,0.000,11,56718
1788255233823577786,41.264599,3,0.087,0.027,0.019,0.000,0.000,0.000,0.034,98,55962
1788255233823606944,41.264628,2,0.280,0.052,0.193,0.000,0.000,0.000,0.027,0,56718
1788255234025404507,41.466426,3,0.000,0.000,0.000,0.000,0.000,0.000,0.016,71,55962
1788255234025427323,41.466448,2,0.000,0.000,0.000,0.000,0.000,0.000,0.004,79,56718
1788255234227172525,41.668194,3,0.000,0.000,0.000,0.000,0.000,0.000,0.000,0,55962
1788255234227193339,41.668214,2,0.000,0.000,0.000,0.000,0.000,0.000,0.027,100,56718
1788255234429021750,41.870043,3,0.000,0.000,0.000,0.000,0.000,0.000,0.000,0,55962
1788255234429048084,41.870069,2,0.063,0.058,0.000,0.000,0.000,0.000,0.026,100,56718
1788255234630845930,42.071867,3,0.151,0.016,0.047,0.001,0.000,0.000,0.105,6,55962
1788255234630873302,42.071894,2,0.073,0.066,0.000,0.007,0.000,0.000,0.103,86,56718
1788255234832630438,42.273652,3,0.150,0.016,0.047,0.002,0.000,0.000,0.135,26,55962
1788255234832662194,42.273683,2,0.569,0.092,0.435,0.000,0.000,0.000,0.076,1,56718
1788255235034435064,42.475456,3,0.172,0.018,0.054,0.002,0.000,0.000,0.127,29,55962
1788255235034464130,42.475485,2,0.000,0.000,0.000,0.000,0.000,0.000,0.000,0,56718
1788255235236378666,42.677400,3,0.140,0.015,0.044,0.002,0.000,0.000,0.085,28,55962
1788255235236409027,42.677430,2,0.000,0.000,0.000,0.000,0.000,0.000,0.000,0,56718
1788255235438258172,42.879280,3,0.000,0.000,0.000,0.000,0.000,0.000,0.000,11,55962
1788255235438282283,42.879303,2,0.000,0.000,0.000,0.000,0.000,0.000,0.007,73,56718
1788255235640122590,43.081144,3,0.000,0.000,0.000,0.001,0.000,0.000,0.012,4,55962
1788255235640149782,43.081171,2,0.000,0.000,0.000,0.000,0.000,0.000,0.062,73,56718
1788255235841911844,43.282933,3,0.000,0.000,0.000,0.000,0.000,0.000,0.000,0,55962
1788255235841935853,43.282957,2,0.000,0.000,0.000,0.000,0.000,0.000,0.043,100,56718
1788255236043597225,43.484619,3,0.000,0.000,0.000,0.000,0.000,0.000,0.000,0,55962
1788255236043623100,43.484644,2,0.000,0.000,0.000,0.000,0.000,0.000,0.043,100,56718
1788255236245357514,43.686379,3,0.000,0.000,0.000,0.000,0.000,0.000,0.115,0,55962
1788255236245381627,43.686403,2,0.000,0.000,0.000,0.000,0.000,0.000,0.027,97,56718
1788255236447160364,43.888182,3,0.142,0.017,0.083,0.002,0.000,0.000,0.153,42,55976
1788255236447187027,43.888208,2,0.066,0.061,0.000,0.001,0.000,0.000,0.094,11,56718
1788255236648994262,44.090016,3,0.150,0.018,0.088,0.002,0.000,0.000,0.119,25,55976
1788255236649019954,44.090041,2,0.000,0.000,0.000,0.000,0.000,0.000,0.000,0,56718
1788255236850913071,44.291934,3,0.150,0.018,0.088,0.002,0.000,0.000,0.177,24,55976
1788255236850938261,44.291959,2,0.000,0.000,0.000,0.000,0.000,0.000,0.000,0,56718
1788255237052808755,44.493830,3,0.189,0.022,0.109,0.003,0.000,0.000,0.197,31,55976
1788255237052833149,44.493854,2,0.000,0.000,0.000,0.000,0.000,0.000,0.027,6,56718
1788255237254603600,44.695625,3,0.086,0.010,0.049,0.000,0.000,0.000,0.049,25,55976
1788255237254629594,44.695650,2,0.000,0.000,0.000,0.000,0.000,0.000,0.000,0,56718
1788255237456396725,44.897418,3,0.151,0.018,0.088,0.003,0.000,0.000,0.160,17,55976
1788255237456419908,44.897441,2,0.000,0.000,0.000,0.000,0.000,0.000,0.000,0,56718
1788255237658098887,45.099120,3,0.281,0.033,0.163,0.003,0.000,0.000,0.224,35,55976
1788255237658120594,45.099141,2,0.000,0.000,0.000,0.000,0.000,0.000,0.000,0,56718
1788255237859860959,45.300883,3,0.294,0.035,0.168,0.004,0.000,0.000,0.248,44,55976
1788255237859886898,45.300908,2,0.000,0.000,0.000,0.000,0.000,0.000,0.000,0,56718
1788255238061684054,45.502706,3,0.146,0.017,0.078,0.002,0.000,0.000,0.062,31,55976
1788255238061718629,45.502739,2,0.000,0.000,0.000,0.002,0.000,0.000,0.030,7,56718
1788255238263466383,45.704488,3,0.000,0.000,0.000,0.000,0.000,0.000,0.062,0,55976
1788255238263494271,45.704515,2,0.000,0.000,0.000,0.000,0.000,0.000,0.000,0,56718
1788255238465239097,45.906260,3,0.000,0.000,0.000,0.002,0.000,0.000,0.101,14,55976
1788255238465264845,45.906286,2,0.000,0.000,0.000,0.000,0.000,0.000,0.000,0,56718
1788255238667173000,46.108194,3,0.232,0.027,0.127,0.002,0.000,0.000,0.134,27,55976
1788255238667196406,46.108217,2,0.000,0.000,0.000,0.000,0.000,0.000,0.000,0,56718
1788255238868909231,46.309931,3,0.000,0.000,0.000,0.000,0.000,0.000,0.000,14,55976
1788255238868932785,46.309954,2,0.000,0.000,0.000,0.000,0.000,0.000,0.004,55,56718
1788255239070855460,46.511877,3,0.000,0.000,0.000,0.002,0.000,0.000,0.088,0,55976
1788255239070882281,46.511903,2,0.000,0.000,0.000,0.000,0.000,0.000,0.026,76,56718
1788255239272828747,46.713850,3,0.143,0.017,0.078,0.000,0.000,0.000,0.031,20,55976
1788255239272864000,46.713885,2,0.061,0.006,0.020,0.003,0.000,0.000,0.062,41,56718
1788255239474782196,46.915803,3,0.000,0.000,0.000,0.000,0.000,0.000,0.000,0,55976
1788255239474818482,46.915839,2,0.079,0.073,0.000,0.000,0.000,0.000,0.045,100,56718
1788255239676639535,47.117661,3,0.000,0.000,0.000,0.000,0.000,0.000,0.000,0,55976
1788255239676667390,47.117688,2,0.000,0.000,0.000,0.000,0.000,0.000,0.020,100,56718
1788255239878608285,47.319630,3,0.000,0.000,0.000,0.000,0.000,0.000,0.032,0,55976
1788255239878636680,47.319658,2,0.000,0.000,0.000,0.000,0.000,0.000,0.107,86,56718
1788255240080513227,47.521534,3,0.000,0.000,0.000,0.000,0.000,0.000,0.000,7,55976
1788255240080540475,47.521561,2,0.000,0.000,0.000,0.000,0.000,0.000,0.009,76,56718
1788255240282387771,47.723409,3,0.000,0.000,0.000,0.002,0.000,0.000,0.093,7,55976
1788255240282412276,47.723433,2,0.018,0.016,0.000,0.000,0.000,0.000,0.066,59,56718
1788255240484415042,47.925436,3,0.152,0.018,0.094,0.000,0.000,0.000,0.031,15,55976
1788255240484448823,47.925470,2,0.029,0.004,0.015,0.001,0.000,0.000,0.033,19,56718
1788255240686448773,48.127470,3,0.000,0.000,0.000,0.000,0.000,0.000,0.000,0,55976
1788255240686480176,48.127501,2,0.000,0.000,0.000,0.000,0.000,0.000,0.042,100,56718
1788255240888430151,48.329452,3,0.000,0.000,0.000,0.000,0.000,0.000,0.000,0,55976
1788255240888458495,48.329479,2,0.000,0.000,0.000,0.000,0.000,0.000,0.042,100,56718
1788255241090461991,48.531483,3,0.000,0.000,0.000,0.000,0.000,0.000,0.003,0,55976
1788255241090487013,48.531508,2,0.068,0.062,0.000,0.000,0.000,0.000,0.027,100,56718
1788255241292268872,48.733290,3,0.064,0.057,0.000,0.000,0.000,0.000,0.038,43,55976
1788255241292290874,48.733312,2,0.123,0.017,0.075,0.000,0.000,0.000,0.042,7,56718
1788255241494250929,48.935272,3,0.046,0.005,0.014,0.000,0.000,0.000,0.038,100,55976
1788255241494278771,48.935300,2,0.000,0.000,0.000,0.000,0.000,0.000,0.000,0,56718
1788255241696312154,49.137334,3,0.000,0.000,0.000,0.000,0.000,0.000,0.006,87,55976
1788255241696352336,49.137373,2,0.000,0.000,0.000,0.000,0.000,0.000,0.005,82,56718
1788255241898247525,49.339269,3,0.000,0.000,0.000,0.000,0.000,0.000,0.022,100,55976
1788255241898269670,49.339291,2,0.000,0.000,0.000,0.000,0.000,0.000,0.036,100,56718
1788255242100271679,49.541293,3,0.074,0.008,0.022,0.000,0.000,0.000,0.052,100,55976
1788255242100298866,49.541320,2,0.000,0.000,0.000,0.001,0.000,0.000,0.043,64,56718
1788255242302153129,49.743175,3,0.072,0.008,0.022,0.001,0.000,0.000,0.080,100,55976
1788255242302179595,49.743201,2,0.058,0.006,0.019,0.001,0.000,0.000,0.037,10,56718
1788255242504029880,49.945051,3,0.000,0.000,0.000,0.001,0.000,0.000,0.041,60,55976
1788255242504057530,49.945078,2,0.113,0.012,0.037,0.000,0.000,0.000,0.023,3,56718
1788255242706045968,50.147068,3,0.157,0.018,0.049,0.002,0.000,0.000,0.111,14,55976
1788255242706072167,50.147093,2,0.000,0.000,0.000,0.028,0.000,0.000,0.106,48,56816
1788255242907978211,50.349000,3,0.000,0.000,0.000,0.000,0.000,0.000,0.000,13,55976
1788255242907999305,50.349020,2,0.263,0.046,0.186,0.000,0.000,0.000,0.033,84,56816
1788255243109851008,50.550872,3,0.000,0.000,0.000,0.000,0.000,0.000,0.000,0,55976
1788255243109869076,50.550890,2,0.065,0.060,0.000,0.000,0.000,0.000,0.044,100,56816
1788255243311996052,50.753017,3,0.000,0.000,0.000,0.000,0.000,0.000,0.000,0,55976
1788255243312023297,50.753044,2,0.000,0.000,0.000,0.000,0.000,0.000,0.027,100,56816
1788255243513978398,50.955000,3,0.142,0.017,0.077,0.000,0.000,0.000,0.061,18,55976
1788255243514015297,50.955036,2,0.000,0.000,0.000,0.000,0.000,0.000,0.084,37,56816
1788255243715861959,51.156883,3,0.000,0.000,0.000,0.000,0.000,0.000,0.058,26,55976
1788255243715888765,51.156910,2,0.000,0.000,0.000,0.000,0.000,0.000,0.043,100,56816
1788255243917920598,51.358943,3,0.143,0.017,0.077,0.002,0.000,0.000,0.063,12,55976
1788255243917950152,51.358971,2,0.000,0.000,0.000,0.000,0.000,0.000,0.012,23,56816
1788255244120020570,51.561042,3,0.143,0.017,0.077,0.002,0.000,0.000,0.062,15,55976
1788255244120055799,51.561077,2,0.000,0.000,0.000,0.000,0.000,0.000,0.025,22,56816
1788255244322077923,51.763099,3,0.000,0.000,0.000,0.000,0.000,0.000,0.000,7,55976
1788255244322112045,51.763133,2,0.000,0.000,0.000,0.000,0.000,0.000,0.028,100,56816
1788255244524074006,51.965095,3,0.000,0.000,0.000,0.000,0.000,0.000,0.000,0,55976
1788255244524106097,51.965127,2,0.000,0.000,0.000,0.000,0.000,0.000,0.026,100,56816
1788255244725878589,52.166900,3,0.000,0.000,0.000,0.000,0.000,0.000,0.055,0,55976
1788255244725907343,52.166928,2,0.435,0.308,0.043,0.000,0.000,0.000,0.214,98,56816
1788255244927697557,52.368719,3,0.130,0.016,0.080,0.002,0.000,0.000,0.058,15,55976
1788255244927724795,52.368746,2,0.125,0.012,0.044,0.002,0.000,0.000,0.139,40,56816
1788255245129575303,52.570597,3,0.142,0.017,0.087,0.002,0.000,0.000,0.123,12,55992
1788255245129603683,52.570625,2,0.000,0.000,0.000,0.000,0.000,0.000,0.000,5,56816
1788255245331391492,52.772413,3,0.142,0.017,0.087,0.002,0.000,0.000,0.123,19,55992
1788255245331422061,52.772443,2,0.000,0.000,0.000,0.000,0.000,0.000,0.000,0,56816
1788255245533203161,52.974225,3,0.142,0.017,0.087,0.002,0.000,0.000,0.109,29,55992
1788255245533230739,52.974252,2,0.000,0.000,0.000,0.000,0.000,0.000,0.000,0,56816
1788255245735015190,53.176037,3,0.253,0.031,0.158,0.000,0.000,0.000,0.055,15,55992
1788255245735044584,53.176065,2,0.000,0.000,0.000,0.000,0.000,0.000,0.000,0,56816
1788255245936872635,53.377894,3,0.142,0.017,0.087,0.002,0.000,0.000,0.123,22,55992
1788255245936899390,53.377920,2,0.000,0.000,0.000,0.000,0.000,0.000,0.000,0,56816
1788255246138723342,53.579745,3,0.142,0.017,0.087,0.002,0.000,0.000,0.133,22,55992
1788255246138749889,53.579771,2,0.104,0.014,0.063,0.000,0.000,0.000,0.044,6,56816
1788255246340521062,53.781543,3,0.280,0.034,0.172,0.004,0.000,0.000,0.222,30,55992
1788255246340548085,53.781569,2,0.000,0.000,0.000,0.000,0.000,0.000,0.000,0,56816
1788255246542396804,53.983419,3,0.273,0.033,0.157,0.005,0.000,0.000,0.245,45,55992
1788255246542425229,53.983446,2,0.000,0.000,0.000,0.000,0.000,0.000,0.000,0,56816
1788255246744335988,54.185357,3,0.000,0.000,0.000,0.004,0.000,0.000,0.065,42,55992
1788255246744365012,54.185386,2,0.000,0.000,0.000,0.000,0.000,0.000,0.000,2,56816
1788255246946286712,54.387308,3,0.000,0.000,0.000,0.000,0.000,0.000,0.000,0,55992
1788255246946314793,54.387336,2,0.073,0.064,0.000,0.000,0.000,0.000,0.040,100,56816
1788255247148163311,54.589185,3,0.114,0.014,0.064,0.002,0.000,0.000,0.061,7,55992
1788255247148191363,54.589212,2,0.062,0.007,0.020,0.001,0.000,0.000,0.026,32,56816
1788255247350043394,54.791065,3,0.146,0.018,0.080,0.002,0.000,0.000,0.125,21,55992
1788255247350071367,54.791092,2,0.000,0.000,0.000,0.000,0.000,0.000,0.000,0,56816
1788255247551841999,54.992863,3,0.147,0.018,0.080,0.002,0.000,0.000,0.095,18,55992
1788255247551881481,54.992903,2,0.000,0.000,0.000,0.000,0.000,0.000,0.000,0,56816
1788255247753874206,55.194896,3,0.146,0.018,0.080,0.000,0.000,0.000,0.032,17,55992
1788255247753899004,55.194920,2,0.000,0.000,0.000,0.001,0.000,0.000,0.016,8,56816
1788255247955681298,55.396703,3,0.000,0.000,0.000,0.000,0.000,0.000,0.000,0,55992
1788255247955707325,55.396728,2,0.043,0.039,0.000,0.000,0.000,0.000,0.021,100,56816
1788255248157407466,55.598429,3,0.000,0.000,0.000,0.000,0.000,0.000,0.000,0,55992
1788255248157429825,55.598451,2,0.072,0.066,0.000,0.000,0.000,0.000,0.050,100,56816
1788255248359237412,55.800259,3,0.000,0.000,0.000,0.000,0.000,0.000,0.003,0,55992
1788255248359262100,55.800283,2,0.000,0.000,0.000,0.004,0.000,0.000,0.093,100,56816
1788255248560937367,56.001959,3,0.000,0.000,0.000,0.000,0.000,0.000,0.011,36,55992
1788255248560960225,56.001981,2,0.000,0.000,0.000,0.000,0.000,0.000,0.000,16,56816
1788255248762902516,56.203924,3,0.069,0.061,0.000,0.001,0.000,0.000,0.058,100,55992
1788255248762940301,56.203961,2,0.000,0.000,0.000,0.000,0.000,0.000,0.000,0,56816
1788255248964837273,56.405859,3,0.000,0.000,0.000,0.000,0.000,0.000,0.006,85,55992
1788255248964869101,56.405890,2,0.000,0.000,0.000,0.000,0.000,0.000,0.006,68,56816
1788255249166767357,56.607789,3,0.074,0.068,0.000,0.000,0.000,0.000,0.022,100,55992
1788255249166792410,56.607813,2,0.000,0.000,0.000,0.000,0.000,0.000,0.021,100,56816
1788255249368761770,56.809783,3,0.000,0.000,0.000,0.000,0.000,0.000,0.034,100,55992
1788255249368791521,56.809813,2,0.000,0.000,0.000,0.000,0.000,0.000,0.025,82,56816
1788255249570785233,57.011807,3,0.073,0.008,0.023,0.001,0.000,0.000,0.075,100,55992
1788255249570820941,57.011842,2,0.063,0.006,0.021,0.000,0.000,0.000,0.031,100,56816
1788255249772725488,57.213747,3,0.000,0.000,0.000,0.000,0.000,0.000,0.006,100,55992
1788255249772764547,57.213785,2,0.110,0.101,0.000,0.000,0.000,0.000,0.030,100,56816
1788255249974645977,57.415668,3,0.028,0.026,0.000,0.000,0.000,0.000,0.008,100,55992
1788255249974680070,57.415701,2,0.000,0.000,0.000,0.000,0.000,0.000,0.025,100,56816
1788255250176473270,57.617495,3,0.000,0.000,0.000,0.000,0.000,0.000,0.000,3,55992
1788255250176501836,57.617523,2,0.000,0.000,0.000,0.000,0.000,0.000,0.027,100,56816
1788255250378454481,57.819476,3,0.000,0.000,0.000,0.002,0.000,0.000,0.068,4,55992
1788255250378486636,57.819508,2,0.351,0.322,0.000,0.015,0.000,0.000,0.248,74,56816
1788255250580293773,58.021315,3,0.049,0.006,0.015,0.000,0.000,0.000,0.016,20,55992
1788255250580322297,58.021343,2,0.184,0.022,0.092,0.000,0.000,0.000,0.050,57,56816
1788255250782301586,58.223323,3,0.141,0.129,0.000,0.000,0.000,0.000,0.082,0,55992
1788255250782334303,58.223355,2,0.000,0.000,0.000,0.001,0.000,0.000,0.069,100,56816
1788255250984191934,58.425213,3,0.000,0.000,0.000,0.001,0.000,0.000,0.025,44,56010
1788255250984221660,58.425242,2,0.052,0.005,0.017,0.000,0.000,0.000,0.036,81,56816
1788255251186148665,58.627170,3,0.000,0.000,0.000,0.000,0.000,0.000,0.000,28,56010
1788255251186188807,58.627210,2,0.000,0.000,0.000,0.000,0.000,0.000,0.041,100,56816
1788255251388122680,58.829145,3,0.000,0.000,0.000,0.000,0.000,0.000,0.000,0,56010
1788255251388151219,58.829172,2,0.000,0.000,0.000,0.000,0.000,0.000,0.020,100,56816
1788255251590076352,59.031098,3,0.000,0.000,0.000,0.002,0.000,0.000,0.061,0,56010
1788255251590104160,59.031125,2,0.058,0.006,0.019,0.000,0.000,0.000,0.135,79,56816
1788255251791912955,59.232935,3,0.155,0.021,0.091,0.002,0.000,0.000,0.123,14,56010
1788255251791943475,59.232965,2,0.035,0.032,0.000,0.002,0.000,0.000,0.092,100,56816
1788255251993751830,59.434773,3,0.143,0.020,0.084,0.002,0.000,0.000,0.089,21,56010
1788255251993781981,59.434803,2,0.000,0.000,0.000,0.000,0.000,0.000,0.034,34,56816
1788255252195552983,59.636575,3,0.253,0.035,0.150,0.000,0.000,0.000,0.136,14,56010
1788255252195575405,59.636596,2,0.000,0.000,0.000,0.000,0.000,0.000,0.000,3,56816
1788255252397492281,59.838514,3,0.141,0.019,0.083,0.001,0.000,0.000,0.086,20,56010
1788255252397522228,59.838543,2,0.000,0.000,0.000,0.000,0.000,0.000,0.013,4,56816
1788255252599458940,60.040481,3,0.115,0.016,0.067,0.002,0.000,0.000,0.104,14,56010
1788255252599501804,60.040523,2,0.016,0.002,0.005,0.000,0.000,0.000,0.013,0,56816
1788255252801335722,60.242357,3,0.000,0.000,0.000,0.000,0.000,0.000,0.000,21,56010
1788255252801365544,60.242387,2,0.072,0.066,0.000,0.000,0.000,0.000,0.043,22,56816
1788255253003250124,60.444271,3,0.000,0.000,0.000,0.000,0.000,0.000,0.000,0,56010
1788255253003285746,60.444307,2,0.000,0.000,0.000,0.000,0.000,0.000,0.027,100,56816
1788255253205032658,60.646054,3,0.000,0.000,0.000,0.000,0.000,0.000,0.000,0,56010
1788255253205056753,60.646078,2,0.000,0.000,0.000,0.000,0.000,0.000,0.025,100,56816
1788255253407042338,60.848064,3,0.000,0.000,0.000,0.003,0.000,0.000,0.059,0,56010
1788255253407076636,60.848098,2,0.000,0.000,0.000,0.000,0.000,0.000,0.046,41,56816
1788255253609440472,61.050467,3,0.000,0.000,0.000,0.000,0.000,0.000,0.000,15,56010
1788255253609475149,61.050496,2,0.000,0.000,0.000,0.000,0.000,0.000,0.026,92,56816
1788255253811400585,61.252422,3,0.000,0.000,0.000,0.003,0.000,0.000,0.030,0,56010
1788255253811429780,61.252451,2,0.069,0.063,0.000,0.000,0.000,0.000,0.052,93,56816
1788255254013346147,61.454368,3,0.000,0.000,0.000,0.000,0.000,0.000,0.000,0,56010
1788255254013382742,61.454404,2,0.029,0.027,0.000,0.000,0.000,0.000,0.025,100,56816
1788255254215324954,61.656346,3,0.000,0.000,0.000,0.000,0.000,0.000,0.000,0,56010
1788255254215364774,61.656386,2,0.000,0.000,0.000,0.000,0.000,0.000,0.027,100,56816
1788255254417365576,61.858387,3,0.000,0.000,0.000,0.003,0.000,0.000,0.030,8,56010
1788255254417398718,61.858419,2,0.000,0.000,0.000,0.001,0.000,0.000,0.098,100,56816
1788255254619160289,62.060182,3,0.000,0.000,0.000,0.003,0.000,0.000,0.030,0,56010
1788255254619192167,62.060213,2,0.000,0.000,0.000,0.001,0.000,0.000,0.098,56,56816
1788255254821060319,62.262082,3,0.000,0.000,0.000,0.000,0.000,0.000,0.000,8,56030
1788255254821090403,62.262111,2,0.000,0.000,0.000,0.000,0.000,0.000,0.027,100,56816
1788255255022944000,62.463965,3,0.140,0.020,0.094,0.003,0.000,0.000,0.084,16,56030
1788255255022971625,62.463993,2,0.000,0.000,0.000,0.000,0.000,0.000,0.022,13,56816
1788255255224760025,62.665781,3,0.154,0.021,0.103,0.003,0.000,0.000,0.089,16,56030
1788255255224790257,62.665811,2,0.000,0.000,0.000,0.001,0.000,0.000,0.024,7,56816
1788255255426631842,62.867653,3,0.154,0.021,0.103,0.002,0.000,0.000,0.085,21,56030
1788255255426657393,62.867678,2,0.000,0.000,0.000,0.000,0.000,0.000,0.000,0,56816
1788255255628752360,63.069774,3,0.000,0.000,0.000,0.003,0.000,0.000,0.060,32,56030
1788255255628783458,63.069804,2,0.074,0.011,0.037,0.000,0.000,0.000,0.025,0,56816
1788255255830643350,63.271665,3,0.000,0.000,0.000,0.000,0.000,0.000,0.010,97,56030
1788255255830669203,63.271690,2,0.000,0.000,0.000,0.000,0.000,0.000,0.012,7,56816
1788255256032693094,63.473715,3,0.039,0.034,0.000,0.000,0.000,0.000,0.038,31,56030
1788255256032731640,63.473753,2,0.000,0.000,0.000,0.000,0.000,0.000,0.000,0,56816
1788255256234782265,63.675804,3,0.000,0.000,0.000,0.000,0.000,0.000,0.000,0,56030
1788255256234813530,63.675834,2,0.069,0.063,0.000,0.000,0.000,0.000,0.041,65,56816
1788255256436682290,63.877704,3,0.059,0.007,0.019,0.000,0.000,0.000,0.027,95,56030
1788255256436715926,63.877737,2,0.067,0.061,0.000,0.000,0.000,0.000,0.037,100,56816
1788255256638396164,64.079417,3,0.000,0.000,0.000,0.000,0.000,0.000,0.006,100,56030
1788255256638420443,64.079442,2,0.000,0.000,0.000,0.000,0.000,0.000,0.006,100,56816
1788255256840212004,64.281233,3,0.000,0.000,0.000,0.000,0.000,0.000,0.021,100,56030
1788255256840233761,64.281255,2,0.000,0.000,0.000,0.000,0.000,0.000,0.021,100,56816
1788255257042128206,64.483150,3,0.068,0.008,0.021,0.000,0.000,0.000,0.048,100,56030
1788255257042155212,64.483176,2,0.137,0.020,0.086,0.000,0.000,0.000,0.072,100,56816
1788255257243909227,64.684931,3,0.025,0.003,0.007,0.001,0.000,0.000,0.061,87,56030
1788255257243938720,64.684960,2,0.000,0.000,0.000,0.000,0.000,0.000,0.040,22,56816
1788255257445912934,64.886935,3,0.069,0.009,0.023,0.002,0.000,0.000,0.071,12,56030
1788255257445943104,64.886964,2,0.000,0.000,0.000,0.000,0.000,0.000,0.000,0,56816
1788255257647650858,65.088672,3,0.000,0.000,0.000,0.000,0.000,0.000,0.000,0,56030
1788255257647677677,65.088699,2,0.000,0.000,0.000,0.000,0.000,0.000,0.009,22,56816
1788255257849390232,65.290412,3,0.114,0.015,0.045,0.000,0.000,0.000,0.044,8,56030
1788255257849416798,65.290438,2,0.028,0.003,0.010,0.000,0.000,0.000,0.044,100,56816
1788255258051362744,65.492384,3,0.068,0.009,0.033,0.002,0.000,0.000,0.050,12,56030
1788255258051395997,65.492417,2,0.102,0.018,0.068,0.000,0.000,0.000,0.026,10,56816
1788255258253262770,65.694285,3,0.000,0.000,0.000,0.000,0.000,0.000,0.000,0,56030
1788255258253298331,65.694319,2,0.069,0.063,0.000,0.000,0.000,0.000,0.040,37,56816
1788255258455170196,65.896192,3,0.000,0.000,0.000,0.000,0.000,0.000,0.000,0,56030
1788255258455202317,65.896223,2,0.067,0.062,0.000,0.000,0.000,0.000,0.041,100,56816
1788255258656926810,66.097948,3,0.000,0.000,0.000,0.000,0.000,0.000,0.000,0,56030
1788255258656951710,66.097973,2,0.000,0.000,0.000,0.000,0.000,0.000,0.026,100,56816
1788255258858798745,66.299820,3,0.003,0.000,0.002,0.000,0.000,0.000,0.063,57,56030
1788255258858823244,66.299844,2,0.000,0.000,0.000,0.000,0.000,0.000,0.043,86,56816
1788255259060598600,66.501620,3,0.000,0.000,0.000,0.000,0.000,0.000,0.048,3,56030
1788255259060627675,66.501648,2,0.081,0.072,0.000,0.000,0.000,0.000,0.046,49,56816
1788255259262425370,66.703447,3,0.072,0.010,0.046,0.002,0.000,0.000,0.092,15,56030
1788255259262453656,66.703475,2,0.058,0.007,0.020,0.003,0.000,0.000,0.062,89,56816
1788255259464312941,66.905334,3,0.000,0.000,0.000,0.002,0.000,0.000,0.062,14,56030
1788255259464344791,66.905366,2,0.000,0.000,0.000,0.000,0.000,0.000,0.037,15,56816
1788255259666305686,67.107327,3,0.111,0.015,0.071,0.000,0.000,0.000,0.046,7,56030
1788255259666334304,67.107355,2,0.000,0.000,0.000,0.000,0.000,0.000,0.000,3,56816
1788255259868125530,67.309147,3,0.107,0.015,0.069,0.002,0.000,0.000,0.076,15,56030
1788255259868153957,67.309175,2,0.058,0.008,0.028,0.000,0.000,0.000,0.036,3,56816
1788255260069949625,67.510971,3,0.000,0.000,0.000,0.002,0.000,0.000,0.134,22,56030
1788255260069977630,67.510998,2,0.044,0.009,0.028,0.003,0.000,0.000,0.049,11,56816
1788255260271759702,67.712781,3,0.095,0.013,0.061,0.002,0.000,0.000,0.067,22,56030
1788255260271794839,67.712816,2,0.000,0.000,0.000,0.000,0.000,0.000,0.015,22,56816
1788255260473618669,67.914640,3,0.144,0.020,0.093,0.002,0.000,0.000,0.124,19,56030
1788255260473645980,67.914667,2,0.000,0.000,0.000,0.000,0.000,0.000,0.000,0,56816
1788255260675480659,68.116502,3,0.000,0.000,0.000,0.001,0.000,0.000,0.026,10,56030
1788255260675506229,68.116527,2,0.000,0.000,0.000,0.000,0.000,0.000,0.022,3,56816
1788255260877448599,68.318470,3,0.000,0.000,0.000,0.000,0.000,0.000,0.000,0,56030
1788255260877481254,68.318502,2,0.000,0.000,0.000,0.000,0.000,0.000,0.027,67,56816
1788255261079298049,68.520319,3,0.000,0.000,0.000,0.000,0.000,0.000,0.000,0,56030
1788255261079332395,68.520353,2,0.000,0.000,0.000,0.000,0.000,0.000,0.028,100,56816
1788255261281079406,68.722101,3,0.053,0.007,0.038,0.000,0.000,0.000,0.020,2,56030
1788255261281106406,68.722127,2,0.353,0.099,0.240,0.000,0.000,0.000,0.108,100,56816
1788255261483132553,68.924154,3,0.000,0.000,0.000,0.003,0.000,0.000,0.047,15,56030
1788255261483168583,68.924190,2,0.000,0.000,0.000,0.000,0.000,0.000,0.004,62,56816
1788255261684990881,69.126013,3,0.000,0.000,0.000,0.000,0.000,0.000,0.000,0,56030
1788255261685022180,69.126043,2,0.000,0.000,0.000,0.000,0.000,0.000,0.027,56,56816
1788255261886788388,69.327810,3,0.000,0.000,0.000,0.003,0.000,0.000,0.028,8,56030
1788255261886816350,69.327837,2,0.148,0.022,0.106,0.005,0.000,0.000,0.070,86,56816
1788255262088595246,69.529617,3,0.133,0.019,0.096,0.003,0.000,0.000,0.106,21,56030
1788255262088624689,69.529646,2,0.112,0.021,0.072,0.000,0.000,0.000,0.044,19,56816
1788255262290526841,69.731548,3,0.000,0.000,0.000,0.000,0.000,0.000,0.030,12,56030
1788255262290559505,69.731580,2,0.000,0.000,0.000,0.000,0.000,0.000,0.032,16,56816
1788255262492419956,69.933441,3,0.000,0.000,0.000,0.000,0.000,0.000,0.000,0,56030
1788255262492446881,69.933468,2,0.000,0.000,0.000,0.000,0.000,0.000,0.027,70,56816
1788255262694225082,70.135246,3,0.000,0.000,0.000,0.000,0.000,0.000,0.000,0,56030
1788255262694250589,70.135272,2,0.067,0.061,0.000,0.000,0.000,0.000,0.055,100,56816
1788255262896037135,70.337059,3,0.158,0.022,0.114,0.000,0.000,0.000,0.060,8,56030
1788255262896065258,70.337086,2,0.337,0.056,0.270,0.003,0.000,0.000,0.100,100,56816
1788255263097984382,70.539006,3,0.000,0.000,0.000,0.000,0.000,0.000,0.046,11,56052
1788255263098019023,70.539040,2,0.000,0.000,0.000,0.008,0.000,0.000,0.211,68,56816
1788255263299788406,70.740810,3,0.176,0.025,0.127,0.000,0.000,0.000,0.034,7,56052
1788255263299816091,70.740837,2,0.000,0.000,0.000,0.000,0.000,0.000,0.010,51,56816
1788255263501560855,70.942582,3,0.000,0.000,0.000,0.000,0.000,0.000,0.000,0,56052
1788255263501585900,70.942607,2,0.075,0.067,0.000,0.007,0.000,0.000,0.078,100,56816
1788255263703471051,71.144492,3,0.000,0.000,0.000,0.000,0.000,0.000,0.007,65,56052
1788255263703505082,71.144526,2,0.064,0.007,0.021,0.000,0.000,0.000,0.013,25,56816
1788255263905544555,71.346566,3,0.000,0.000,0.000,0.000,0.000,0.000,0.027,97,56052
1788255263905573539,71.346594,2,0.000,0.000,0.000,0.000,0.000,0.000,0.000,0,56816
1788255264107526552,71.548548,3,0.041,0.037,0.000,0.000,0.000,0.000,0.046,89,56052
1788255264107554806,71.548576,2,0.000,0.000,0.000,0.001,0.000,0.000,0.040,3,56816
1788255264309483664,71.750505,3,0.086,0.013,0.042,0.000,0.000,0.000,0.022,100,56078
1788255264309520486,71.750541,2,0.072,0.011,0.038,0.000,0.000,0.000,0.017,11,56816
1788255264511395405,71.952417,3,0.072,0.066,0.000,0.000,0.000,0.000,0.022,100,56078
1788255264511431077,71.952452,2,0.000,0.000,0.000,0.000,0.000,0.000,0.006,82,56816
1788255264713257054,72.154279,3,0.000,0.000,0.000,0.000,0.000,0.000,0.035,100,56078
1788255264713284457,72.154305,2,0.074,0.068,0.000,0.000,0.000,0.000,0.022,100,56816
1788255264914990564,72.356012,3,0.000,0.000,0.000,0.000,0.000,0.000,0.006,100,56078
1788255264915018041,72.356039,2,0.000,0.000,0.000,0.000,0.000,0.000,0.021,100,56816
1788255265116769978,72.557792,3,0.067,0.061,0.000,0.000,0.000,0.000,0.015,10,56078
1788255265116796479,72.557817,2,0.000,0.000,0.000,0.000,0.000,0.000,0.026,100,56816
1788255265318637242,72.759659,3,0.000,0.000,0.000,0.000,0.000,0.000,0.014,5,56078
1788255265318668901,72.759690,2,0.000,0.000,0.000,0.001,0.000,0.000,0.126,100,56816
1788255265520478769,72.961500,3,0.086,0.013,0.045,0.002,0.000,0.000,0.043,9,56078
1788255265520508935,72.961530,2,0.147,0.021,0.093,0.001,0.000,0.000,0.084,26,56816
1788255265722426542,73.163448,3,0.086,0.013,0.045,0.000,0.000,0.000,0.030,9,56078
1788255265722456912,73.163478,2,0.147,0.021,0.093,0.001,0.000,0.000,0.073,12,56816
1788255265924224900,73.365246,3,0.000,0.000,0.000,0.000,0.000,0.000,0.000,0,56078
1788255265924252328,73.365273,2,0.000,0.000,0.000,0.000,0.000,0.000,0.041,51,56816
1788255266126067371,73.567089,3,0.000,0.000,0.000,0.002,0.000,0.000,0.038,10,56106
1788255266126093720,73.567115,2,0.095,0.045,0.028,0.000,0.000,0.000,0.057,87,56816
1788255266327934572,73.768955,3,0.087,0.014,0.045,0.000,0.000,0.000,0.032,9,56106
1788255266327953198,73.768974,2,0.075,0.008,0.025,0.000,0.000,0.000,0.031,14,56816
1788255266529784165,73.970806,3,0.000,0.000,0.000,0.000,0.000,0.000,0.000,0,56106
1788255266529811597,73.970832,2,0.000,0.000,0.000,0.000,0.000,0.000,0.027,66,56816
1788255266731424360,74.172446,3,0.000,0.000,0.000,0.000,0.000,0.000,0.000,0,56106
1788255266731441441,74.172462,2,0.013,0.012,0.000,0.000,0.000,0.000,0.019,100,56816
1788255266933310187,74.374331,3,0.000,0.000,0.000,0.000,0.000,0.000,0.000,0,56106
1788255266933334493,74.374355,2,0.073,0.066,0.000,0.001,0.000,0.000,0.105,100,56816
1788255267135233619,74.576255,3,0.172,0.156,0.000,0.003,0.000,0.000,0.116,68,56106
1788255267135263230,74.576284,2,0.000,0.000,0.000,0.000,0.000,0.000,0.030,51,56816
1788255267337060884,74.778082,3,0.000,0.000,0.000,0.000,0.000,0.000,0.000,0,56106
1788255267337088954,74.778110,2,0.000,0.000,0.000,0.000,0.000,0.000,0.027,61,56816
1788255267539050540,74.980072,3,0.161,0.023,0.101,0.003,0.000,0.000,0.094,15,56106
1788255267539091257,74.980112,2,0.043,0.037,0.001,0.000,0.000,0.000,0.010,73,56816
1788255267740971388,75.181993,3,0.000,0.000,0.000,0.000,0.000,0.000,0.000,0,56106
1788255267740995458,75.182016,2,0.000,0.000,0.000,0.000,0.000,0.000,0.020,0,56816
1788255267942945758,75.383967,3,0.033,0.005,0.020,0.003,0.000,0.000,0.087,15,56106
1788255267942976799,75.383998,2,0.074,0.068,0.000,0.002,0.000,0.000,0.066,95,56816
1788255268144754179,75.585776,3,0.000,0.000,0.000,0.000,0.000,0.000,0.031,7,56106
1788255268144780254,75.585801,2,0.056,0.051,0.000,0.000,0.000,0.000,0.052,100,56816
1788255268346697914,75.787719,3,0.000,0.000,0.000,0.003,0.000,0.000,0.061,7,56106
1788255268346727806,75.787749,2,0.000,0.000,0.000,0.000,0.000,0.000,0.088,100,56816
1788255268548515954,75.989537,3,0.000,0.000,0.000,0.000,0.000,0.000,0.000,0,56106
1788255268548543923,75.989565,2,0.000,0.000,0.000,0.000,0.000,0.000,0.041,67,56816
1788255268750335147,76.191357,3,0.000,0.000,0.000,0.003,0.000,0.000,0.061,7,56106
1788255268750362505,76.191383,2,0.082,0.044,0.028,0.002,0.000,0.000,0.047,94,56816
1788255268952273692,76.393295,3,0.000,0.000,0.000,0.000,0.000,0.000,0.031,7,56106
1788255268952304612,76.393326,2,0.257,0.054,0.190,0.000,0.000,0.000,0.029,17,56816
1788255269154295290,76.595317,3,0.000,0.000,0.000,0.000,0.000,0.000,0.000,0,56106
1788255269154328103,76.595349,2,0.000,0.000,0.000,0.000,0.000,0.000,0.027,65,56816
1788255269356281976,76.797303,3,0.000,0.000,0.000,0.000,0.000,0.000,0.000,0,56106
1788255269356311872,76.797333,2,0.000,0.000,0.000,0.000,0.000,0.000,0.041,100,56816
1788255269558144434,76.999166,3,0.000,0.000,0.000,0.003,0.000,0.000,0.061,0,56106
1788255269558171661,76.999193,2,0.000,0.000,0.000,0.003,0.000,0.000,0.143,100,56816
1788255269760029894,77.201051,3,0.000,0.000,0.000,0.000,0.000,0.000,0.031,17,56106
1788255269760057812,77.201079,2,0.432,0.073,0.350,0.008,0.000,0.000,0.120,67,56816
1788255269961887061,77.402909,3,0.117,0.017,0.082,0.003,0.000,0.000,0.089,10,56106
1788255269961914498,77.402935,2,0.038,0.005,0.023,0.002,0.000,0.000,0.106,36,56816
1788255270163893335,77.604916,3,0.104,0.015,0.072,0.003,0.000,0.000,0.088,17,56106
1788255270163925037,77.604946,2,0.000,0.000,0.000,0.000,0.000,0.000,0.072,20,56816
1788255270365851344,77.806873,3,0.119,0.018,0.083,0.000,0.000,0.000,0.045,17,56106
1788255270365888587,77.806910,2,0.009,0.001,0.003,0.000,0.000,0.000,0.010,12,56816
1788255270567659626,78.008681,3,0.000,0.000,0.000,0.000,0.000,0.000,0.044,17,56106
1788255270567688546,78.008709,2,0.000,0.000,0.000,0.000,0.000,0.000,0.064,76,56816
1788255270769498456,78.210520,3,0.164,0.024,0.115,0.000,0.000,0.000,0.036,0,56106
1788255270769529009,78.210550,2,0.032,0.003,0.011,0.001,0.000,0.000,0.049,59,56816
1788255270971327959,78.412349,3,0.141,0.021,0.099,0.000,0.000,0.000,0.088,16,56106
1788255270971358421,78.412379,2,0.000,0.000,0.000,0.000,0.000,0.000,0.000,7,56816
1788255271173318975,78.614340,3,0.165,0.024,0.115,0.004,0.000,0.000,0.064,16,56106
1788255271173350543,78.614371,2,0.000,0.000,0.000,0.000,0.000,0.000,0.005,0,56816
1788255271375264895,78.816287,3,0.000,0.000,0.000,0.000,0.000,0.000,0.000,16,56106
1788255271375298093,78.816319,2,0.067,0.062,0.000,0.000,0.000,0.000,0.027,53,56816
1788255271577175878,79.018198,3,0.000,0.000,0.000,0.000,0.000,0.000,0.000,0,56106
1788255271577210285,79.018231,2,0.000,0.000,0.000,0.000,0.000,0.000,0.056,100,56816
1788255271778995148,79.220017,3,0.000,0.000,0.000,0.000,0.000,0.000,0.000,0,56106
1788255271779026855,79.220048,2,0.000,0.000,0.000,0.000,0.000,0.000,0.117,100,56816
1788255271980821226,79.421843,3,0.000,0.000,0.000,0.000,0.000,0.000,0.010,0,56106
1788255271980843388,79.421864,2,0.000,0.000,0.000,0.003,0.000,0.000,0.012,84,56816
1788255272182766323,79.623788,3,0.069,0.062,0.000,0.000,0.000,0.000,0.040,61,56106
1788255272182796712,79.623817,2,0.000,0.000,0.000,0.000,0.000,0.000,0.000,0,56816
1788255272384783782,79.825805,3,0.000,0.000,0.000,0.000,0.000,0.000,0.012,100,56106
1788255272384817509,79.825838,2,0.459,0.081,0.384,0.005,0.000,0.000,0.057,0,56816
1788255272586759252,80.027781,3,0.000,0.000,0.000,0.002,0.000,0.000,0.017,85,56138
1788255272586796808,80.027818,2,0.000,0.000,0.000,0.000,0.000,0.000,0.006,72,56816
1788255272788757977,80.229779,3,0.000,0.000,0.000,0.000,0.000,0.000,0.037,100,56138
1788255272788791048,80.229812,2,0.000,0.000,0.000,0.000,0.000,0.000,0.022,100,56816
1788255272990840891,80.431862,3,0.000,0.000,0.000,0.000,0.000,0.000,0.035,100,56138
1788255272990869279,80.431890,2,0.316,0.062,0.230,0.000,0.000,0.000,0.064,96,56816
1788255273192751912,80.633773,3,0.085,0.013,0.042,0.000,0.000,0.000,0.064,100,56138
1788255273192779960,80.633801,2,0.345,0.069,0.251,0.000,0.000,0.000,0.064,89,56816
1788255273394681192,80.835703,3,0.062,0.056,0.000,0.000,0.000,0.000,0.016,100,56138
1788255273394712538,80.835734,2,0.000,0.000,0.000,0.000,0.000,0.000,0.038,100,56816
1788255273596487363,81.037509,3,0.000,0.000,0.000,0.000,0.000,0.000,0.000,74,56138
1788255273596515152,81.037536,2,0.000,0.000,0.000,0.000,0.000,0.000,0.041,100,56816
1788255273798301863,81.239323,3,0.000,0.000,0.000,0.000,0.000,0.000,0.029,0,56138
1788255273798331893,81.239353,2,0.470,0.320,0.086,0.000,0.000,0.000,0.178,100,56816
1788255274000228917,81.441251,3,0.083,0.012,0.042,0.002,0.000,0.000,0.054,0,56138
1788255274000254213,81.441275,2,0.417,0.073,0.349,0.008,0.000,0.000,0.174,74,56816
1788255274202170932,81.643193,3,0.000,0.000,0.000,0.000,0.000,0.000,0.015,15,56138
1788255274202197802,81.643219,2,0.065,0.058,0.000,0.000,0.000,0.000,0.038,55,56816
1788255274404153055,81.845175,3,0.066,0.010,0.033,0.000,0.000,0.000,0.023,5,56138
1788255274404185953,81.845207,2,0.265,0.045,0.188,0.007,0.000,0.000,0.084,100,56816
1788255274605980986,82.047003,3,0.000,0.000,0.000,0.000,0.000,0.000,0.000,5,56138
1788255274606013878,82.047035,2,0.000,0.000,0.000,0.000,0.000,0.000,0.027,88,56816
1788255274807523157,82.248544,3,0.000,0.000,0.000,0.000,0.000,0.000,0.000,0,56138
1788255274807542681,82.248564,2,0.067,0.061,0.000,0.000,0.000,0.000,0.056,100,56816
1788255275009450881,82.450473,3,0.000,0.000,0.000,0.000,0.000,0.000,0.002,0,56138
1788255275009484808,82.450506,2,0.535,0.331,0.163,0.000,0.000,0.000,0.205,100,56816
1788255275211223219,82.652245,3,0.000,0.000,0.000,0.000,0.000,0.000,0.066,0,56138
1788255275211252123,82.652273,2,0.000,0.000,0.000,0.000,0.000,0.000,0.000,54,56816
1788255275413143896,82.854166,3,0.047,0.007,0.029,0.003,0.000,0.000,0.050,69,56140
1788255275413174561,82.854196,2,0.137,0.020,0.106,0.001,0.000,0.000,0.044,31,56816
1788255275614997894,83.056020,3,0.000,0.000,0.000,0.000,0.000,0.000,0.012,8,56140
1788255275615028044,83.056049,2,0.075,0.067,0.000,0.000,0.000,0.000,0.043,100,56816
1788255275816817122,83.257839,3,0.088,0.013,0.054,0.001,0.000,0.000,0.045,7,56140
1788255275816845844,83.257867,2,0.115,0.020,0.077,0.000,0.000,0.000,0.051,16,56816
1788255276018685671,83.459707,3,0.156,0.023,0.095,0.000,0.000,0.000,0.094,0,56140
1788255276018715899,83.459737,2,0.060,0.007,0.019,0.000,0.000,0.000,0.036,7,56816
1788255276220503889,83.661525,3,0.000,0.000,0.000,0.003,0.000,0.000,0.032,15,56140
1788255276220533022,83.661554,2,0.000,0.000,0.000,0.001,0.000,0.000,0.012,3,56816
1788255276422619198,83.863641,3,0.028,0.004,0.017,0.002,0.000,0.000,0.063,7,56140
1788255276422658906,83.863680,2,0.000,0.000,0.000,0.000,0.000,0.000,0.014,27,56816
1788255276624564457,84.065586,3,0.000,0.000,0.000,0.000,0.000,0.000,0.000,7,56140
1788255276624602995,84.065624,2,0.000,0.000,0.000,0.000,0.000,0.000,0.041,100,56816
1788255276826451999,84.267473,3,0.000,0.000,0.000,0.000,0.000,0.000,0.000,0,56140
1788255276826485356,84.267506,2,0.000,0.000,0.000,0.000,0.000,0.000,0.026,100,56816
1788255277028313511,84.469335,3,0.000,0.000,0.000,0.000,0.000,0.000,0.000,0,56140
1788255277028345334,84.469366,2,0.000,0.000,0.000,0.000,0.000,0.000,0.026,94,56816
1788255277230163435,84.671185,3,0.006,0.001,0.004,0.000,0.000,0.000,0.027,8,56140
1788255277230200619,84.671221,2,0.200,0.074,0.047,0.000,0.000,0.000,0.072,41,56816
1788255277432197348,84.873219,3,0.000,0.000,0.000,0.000,0.000,0.000,0.000,0,56140
1788255277432227969,84.873249,2,0.000,0.000,0.000,0.000,0.000,0.000,0.041,92,56816
1788255277634176460,85.075198,3,0.000,0.000,0.000,0.003,0.000,0.000,0.082,9,56140
1788255277634214966,85.075236,2,0.056,0.038,0.004,0.000,0.000,0.000,0.030,90,56816
1788255277836186496,85.277208,3,0.000,0.000,0.000,0.000,0.000,0.000,0.000,8,56140
1788255277836226163,85.277247,2,0.074,0.067,0.000,0.000,0.000,0.000,0.056,100,56816
1788255278037993818,85.479016,3,0.000,0.000,0.000,0.000,0.000,0.000,0.000,0,56140
1788255278038018261,85.479039,2,0.000,0.000,0.000,0.000,0.000,0.000,0.026,100,56816
1788255278239794448,85.680816,3,0.000,0.000,0.000,0.004,0.000,0.000,0.063,0,56140
1788255278239824084,85.680845,2,0.000,0.000,0.000,0.006,0.000,0.000,0.151,56,56816
1788255278441612017,85.882633,3,0.000,0.000,0.000,0.000,0.000,0.000,0.032,17,56140
1788255278441637935,85.882659,2,0.086,0.014,0.066,0.000,0.000,0.000,0.039,19,56816
1788255278643532262,86.084553,3,0.160,0.022,0.109,0.000,0.000,0.000,0.053,9,56140
1788255278643567475,86.084588,2,0.625,0.109,0.511,0.000,0.000,0.000,0.057,25,56816
1788255278845467644,86.286489,3,0.000,0.000,0.000,0.000,0.000,0.000,0.000,8,56140
1788255278845494962,86.286516,2,0.000,0.000,0.000,0.000,0.000,0.000,0.026,100,56816
1788255279047435080,86.488457,3,0.029,0.004,0.019,0.000,0.000,0.000,0.026,9,56140
1788255279047464348,86.488485,2,0.077,0.038,0.013,0.000,0.000,0.000,0.030,81,56816
1788255279249370970,86.690392,3,0.000,0.000,0.000,0.000,0.000,0.000,0.000,0,56140
1788255279249405873,86.690427,2,0.069,0.063,0.000,0.000,0.000,0.000,0.041,100,56816
1788255279451222192,86.892244,3,0.000,0.000,0.000,0.000,0.000,0.000,0.000,0,56140
1788255279451253435,86.892274,2,0.000,0.000,0.000,0.000,0.000,0.000,0.037,100,56816
1788255279653154209,87.094176,3,0.000,0.000,0.000,0.000,0.000,0.000,0.000,0,56140
1788255279653184014,87.094205,2,0.000,0.000,0.000,0.000,0.000,0.000,0.086,81,56816
1788255279855187627,87.296209,3,0.000,0.000,0.000,0.000,0.000,0.000,0.000,0,56140
1788255279855218651,87.296240,2,0.000,0.000,0.000,0.000,0.000,0.000,0.028,100,56816
1788255280057156001,87.498178,3,0.000,0.000,0.000,0.000,0.000,0.000,0.007,34,56140
1788255280057189132,87.498210,2,0.180,0.113,0.020,0.000,0.000,0.000,0.038,11,56816
1788255280259096582,87.700118,3,0.000,0.000,0.000,0.000,0.000,0.000,0.023,85,56140
1788255280259126217,87.700147,2,0.000,0.000,0.000,0.000,0.000,0.000,0.000,0,56816
1788255280461052246,87.902074,3,0.042,0.037,0.000,0.000,0.000,0.000,0.019,85,56140
1788255280461085128,87.902106,2,0.000,0.000,0.000,0.000,0.000,0.000,0.036,7,56816
1788255280663042542,88.104064,3,0.075,0.068,0.000,0.000,0.000,0.000,0.024,100,56140
1788255280663084296,88.104105,2,0.139,0.018,0.061,0.000,0.000,0.000,0.030,68,56816
1788255280865009384,88.306031,3,0.000,0.000,0.000,0.001,0.000,0.000,0.039,100,56176
1788255280865041526,88.306062,2,0.000,0.000,0.000,0.000,0.000,0.000,0.037,100,56816
1788255281066915494,88.507937,3,0.000,0.000,0.000,0.000,0.000,0.000,0.006,100,56176
1788255281066943311,88.507964,2,0.000,0.000,0.000,0.000,0.000,0.000,0.006,100,56816
1788255281268776197,88.709798,3,0.067,0.061,0.000,0.000,0.000,0.000,0.021,100,56176
1788255281268806083,88.709827,2,0.018,0.017,0.000,0.000,0.000,0.000,0.013,100,56816
1788255281470631426,88.911653,3,0.000,0.000,0.000,0.000,0.000,0.000,0.016,100,56176
1788255281470669997,88.911691,2,0.000,0.000,0.000,0.000,0.000,0.000,0.034,100,56816
1788255281672462540,89.113484,3,0.000,0.000,0.000,0.001,0.000,0.000,0.018,11,56176
1788255281672491296,89.113512,2,0.000,0.000,0.000,0.001,0.000,0.000,0.106,69,56816
1788255281874299572,89.315321,3,0.000,0.000,0.000,0.000,0.000,0.000,0.012,7,56176
1788255281874335702,89.315356,2,0.000,0.000,0.000,0.000,0.000,0.000,0.000,6,56816
1788255282076227785,89.517249,3,0.000,0.000,0.000,0.000,0.000,0.000,0.000,3,56176
1788255282076257258,89.517278,2,0.000,0.000,0.000,0.000,0.000,0.000,0.006,14,56816
1788255282299265622,89.740287,3,0.000,0.000,0.000,0.000,0.000,0.000,0.000,0,56176
1788255282299296854,89.740318,2,0.000,0.000,0.000,0.000,0.000,0.000,0.042,100,56816
1788255282502042123,89.943064,3,0.083,0.013,0.041,0.000,0.000,0.000,0.054,5,56214
1788255282502082404,89.943103,2,0.117,0.015,0.049,0.000,0.000,0.000,0.075,28,56816
1788255282703645630,90.144667,3,0.093,0.015,0.046,0.000,0.000,0.000,0.043,10,56214
1788255282703671841,90.144693,2,0.117,0.015,0.049,0.000,0.000,0.000,0.075,2,56816
1788255282905157499,90.346179,3,0.000,0.000,0.000,0.000,0.000,0.000,0.000,0,56214
1788255282905181123,90.346202,2,0.000,0.000,0.000,0.000,0.000,0.000,0.007,100,56816
1788255283106665504,90.547687,3,0.000,0.000,0.000,0.000,0.000,0.000,0.000,0,56214
1788255283106687955,90.547709,2,0.064,0.059,0.000,0.000,0.000,0.000,0.032,100,56816
1788255283308106061,90.749127,3,0.000,0.000,0.000,0.000,0.000,0.000,0.000,0,56214
1788255283308130578,90.749151,2,0.021,0.019,0.000,0.000,0.000,0.000,0.030,100,56816
1788255283509697874,90.950719,3,0.000,0.000,0.000,0.000,0.000,0.000,0.000,0,56214
1788255283509726866,90.950748,2,0.000,0.000,0.000,0.003,0.000,0.000,0.044,18,56816
1788255283711209700,91.152231,3,0.172,0.156,0.000,0.000,0.000,0.000,0.078,2,56214
1788255283711236795,91.152258,2,0.000,0.000,0.000,0.000,0.000,0.000,0.000,0,56816
1788255283912683411,91.353705,3,0.000,0.000,0.000,0.000,0.000,0.000,0.029,75,56214
1788255283912707752,91.353729,2,0.000,0.000,0.000,0.000,0.000,0.000,0.005,65,56816
1788255284114228069,91.555249,3,0.211,0.029,0.126,0.000,0.000,0.000,0.042,28,56214
1788255284114253730,91.555274,2,0.040,0.036,0.000,0.000,0.000,0.000,0.044,84,56816
1788255284315803195,91.756825,3,0.087,0.012,0.052,0.000,0.000,0.000,0.086,8,56214
1788255284315832486,91.756853,2,0.047,0.005,0.016,0.001,0.000,0.000,0.058,12,56816
1788255284517448846,91.958470,3,0.000,0.000,0.000,0.003,0.000,0.000,0.034,15,56214
1788255284517478782,91.958500,2,0.000,0.000,0.000,0.001,0.000,0.000,0.012,3,56816
1788255284719437855,92.160459,3,0.057,0.008,0.034,0.001,0.000,0.000,0.069,15,56214
1788255284719472871,92.160494,2,0.112,0.011,0.038,0.000,0.000,0.000,0.058,10,56816
1788255284920918269,92.361940,3,0.000,0.000,0.000,0.000,0.000,0.000,0.034,8,56214
1788255284920957326,92.361978,2,0.000,0.000,0.000,0.000,0.000,0.000,0.009,87,56816
1788255285122946777,92.563968,3,0.000,0.000,0.000,0.000,0.000,0.000,0.000,0,56214
1788255285122986433,92.564007,2,0.070,0.064,0.000,0.000,0.000,0.000,0.059,100,56816
1788255285324426509,92.765448,3,0.000,0.000,0.000,0.000,0.000,0.000,0.000,0,56214
1788255285324457035,92.765478,2,0.070,0.064,0.000,0.000,0.000,0.000,0.042,100,56816
1788255285526259442,92.967281,3,0.159,0.022,0.095,0.000,0.000,0.000,0.064,8,56214
1788255285526289543,92.967310,2,0.235,0.023,0.113,0.001,0.000,0.000,0.151,43,56816
1788255285727724526,93.168746,3,0.000,0.000,0.000,0.000,0.000,0.000,0.034,9,56214
1788255285727751494,93.168772,2,0.000,0.000,0.000,0.001,0.000,0.000,0.027,12,56816
1788255285929701902,93.370723,3,0.134,0.019,0.091,0.000,0.000,0.000,0.076,8,56214
1788255285929729576,93.370750,2,0.114,0.009,0.045,0.000,0.000,0.000,0.086,17,56816
1788255286131135256,93.572156,3,0.000,0.000,0.000,0.000,0.000,0.000,0.000,9,56214
1788255286131159677,93.572181,2,0.000,0.000,0.000,0.000,0.000,0.000,0.011,100,56816
1788255286332985505,93.774007,3,0.000,0.000,0.000,0.004,0.000,0.000,0.032,17,56214
1788255286333011319,93.774032,2,0.075,0.067,0.000,0.000,0.000,0.000,0.052,25,56816
1788255286534488750,93.975510,3,0.179,0.025,0.121,0.004,0.000,0.000,0.132,17,56214
1788255286534515469,93.975536,2,0.000,0.000,0.000,0.000,0.000,0.000,0.000,0,56816
1788255286736291397,94.177313,3,0.000,0.000,0.000,0.004,0.000,0.000,0.032,12,56214
1788255286736317823,94.177339,2,0.000,0.000,0.000,0.000,0.000,0.000,0.000,0,56816
1788255286937865858,94.378887,3,0.108,0.015,0.072,0.004,0.000,0.000,0.099,22,56214
1788255286937890889,94.378912,2,0.000,0.000,0.000,0.001,0.000,0.000,0.012,3,56816
1788255287140058918,94.581080,3,0.000,0.000,0.000,0.004,0.000,0.000,0.032,0,56214
1788255287140103011,94.581124,2,0.000,0.000,0.000,0.000,0.000,0.000,0.023,26,56816
1788255287341711620,94.782733,3,0.000,0.000,0.000,0.000,0.000,0.000,0.000,0,56214
1788255287341749496,94.782770,2,0.000,0.000,0.000,0.000,0.000,0.000,0.040,100,56816
1788255287543659898,94.984681,3,0.000,0.000,0.000,0.000,0.000,0.000,0.000,0,56214
1788255287543714676,94.984735,2,0.000,0.000,0.000,0.000,0.000,0.000,0.041,100,56816
1788255287745232430,95.186254,3,0.000,0.000,0.000,0.000,0.000,0.000,0.000,8,56214
1788255287745259049,95.186280,2,0.047,0.031,0.005,0.000,0.000,0.000,0.058,95,56816
1788255287947092721,95.388114,3,0.000,0.000,0.000,0.000,0.000,0.000,0.032,0,56214
1788255287947117905,95.388139,2,0.000,0.000,0.000,0.000,0.000,0.000,0.025,77,56816
1788255288148732043,95.589753,3,0.174,0.024,0.117,0.000,0.000,0.000,0.064,22,56214
1788255288148761119,95.589782,2,0.104,0.018,0.070,0.002,0.000,0.000,0.067,61,56816
1788255288350700059,95.791722,3,0.000,0.000,0.000,0.000,0.000,0.000,0.006,85,56214
1788255288350732967,95.791754,2,0.000,0.000,0.000,0.000,0.000,0.000,0.012,3,56816
1788255288552241748,95.993263,3,0.069,0.062,0.000,0.000,0.000,0.000,0.041,85,56214
1788255288552271514,95.993292,2,0.000,0.000,0.000,0.000,0.000,0.000,0.000,0,56816
1788255288754194127,96.195215,3,0.000,0.000,0.000,0.000,0.000,0.000,0.019,100,56214
1788255288754221647,96.195243,2,0.102,0.017,0.065,0.000,0.000,0.000,0.027,5,56816
1788255288955741417,96.396763,3,0.000,0.000,0.000,0.000,0.000,0.000,0.009,100,56214
1788255288955764100,96.396785,2,0.000,0.000,0.000,0.000,0.000,0.000,0.017,60,56816
1788255289157746228,96.598768,3,0.000,0.000,0.000,0.000,0.000,0.000,0.006,100,56256
1788255289157779322,96.598800,2,0.068,0.063,0.000,0.000,0.000,0.000,0.036,100,56816
1788255289359314479,96.800336,3,0.000,0.000,0.000,0.000,0.000,0.000,0.038,100,56256
1788255289359349308,96.800370,2,0.000,0.000,0.000,0.000,0.000,0.000,0.006,100,56816
1788255289561371340,97.002393,3,0.011,0.010,0.000,0.000,0.000,0.000,0.016,100,56256
1788255289561408678,97.002429,2,0.000,0.000,0.000,0.000,0.000,0.000,0.021,100,56816
1788255289762852035,97.203873,3,0.000,0.000,0.000,0.000,0.000,0.000,0.006,51,56256
1788255289762878301,97.203899,2,0.000,0.000,0.000,0.000,0.000,0.000,0.006,100,56816
1788255289964655685,97.405678,3,0.000,0.000,0.000,0.000,0.000,0.000,0.015,6,56256
1788255289964686816,97.405708,2,0.417,0.120,0.291,0.000,0.000,0.000,0.107,92,56816
1788255290166146303,97.607168,3,0.000,0.000,0.000,0.000,0.000,0.000,0.030,0,56256
1788255290166180265,97.607201,2,0.000,0.000,0.000,0.000,0.000,0.000,0.107,100,56816
1788255290367950225,97.808972,3,0.000,0.000,0.000,0.000,0.000,0.000,0.000,6,56256
1788255290367978926,97.809000,2,0.075,0.067,0.000,0.000,0.000,0.000,0.029,28,56816
1788255290569502451,98.010524,3,0.000,0.000,0.000,0.000,0.000,0.000,0.015,12,56256
1788255290569531493,98.010552,2,0.000,0.000,0.000,0.000,0.000,0.000,0.064,18,56816
1788255290771352852,98.212374,3,0.127,0.022,0.086,0.000,0.000,0.000,0.032,7,56256
1788255290771380992,98.212402,2,0.135,0.016,0.074,0.001,0.000,0.000,0.154,25,56816
1788255290972917824,98.413939,3,0.126,0.022,0.085,0.003,0.000,0.000,0.046,12,56300
1788255290972946299,98.413967,2,0.129,0.015,0.042,0.001,0.000,0.000,0.066,8,56816
1788255291174832236,98.615854,3,0.127,0.022,0.085,0.003,0.000,0.000,0.056,18,56300
1788255291174862902,98.615884,2,0.111,0.019,0.075,0.001,0.000,0.000,0.051,12,56816
1788255291376312553,98.817334,3,0.102,0.018,0.068,0.000,0.000,0.000,0.051,6,56300
1788255291376336532,98.817357,2,0.000,0.000,0.000,0.000,0.000,0.000,0.000,0,56816
1788255291578170479,99.019192,3,0.000,0.000,0.000,0.000,0.000,0.000,0.000,0,56300
1788255291578199030,99.019220,2,0.000,0.000,0.000,0.000,0.000,0.000,0.000,0,56816
1788255291779618315,99.220640,3,0.000,0.000,0.000,0.000,0.000,0.000,0.000,0,56300
1788255291779644752,99.220666,2,0.000,0.000,0.000,0.000,0.000,0.000,0.000,0,56816
1788255291981526071,99.422548,3,0.000,0.000,0.000,0.000,0.000,0.000,0.000,0,56300
1788255291981560464,99.422581,2,0.000,0.000,0.000,0.000,0.000,0.000,0.000,0,56816
1788255292183377837,99.624400,3,0.000,0.000,0.000,0.000,0.000,0.000,0.000,0,56300
1788255292183413040,99.624434,2,0.000,0.000,0.000,0.000,0.000,0.000,0.000,0,56816
1788255292385257883,99.826279,3,0.000,0.000,0.000,0.000,0.000,0.000,0.000,0,56300
1788255292385293523,99.826314,2,0.000,0.000,0.000,0.000,0.000,0.000,0.000,0,56816
1788255292587148641,100.028170,3,0.000,0.000,0.000,0.000,0.000,0.000,0.000,0,56300
1788255292587178692,100.028199,2,0.000,0.000,0.000,0.000,0.000,0.000,0.000,0,56816
1788255292788983312,100.230005,3,0.000,0.000,0.000,0.000,0.000,0.000,0.000,0,56300
1788255292789010875,100.230032,2,0.000,0.000,0.000,0.000,0.000,0.000,0.000,0,56816
1788255292990808968,100.431830,3,0.000,0.000,0.000,0.000,0.000,0.000,0.000,0,56300
1788255292990833728,100.431855,2,0.000,0.000,0.000,0.000,0.000,0.000,0.000,0,56816
1788255293192636414,100.633658,3,0.000,0.000,0.000,0.000,0.000,0.000,0.000,0,56300
1788255293192666811,100.633687,2,0.000,0.000,0.000,0.000,0.000,0.000,0.000,0,56816
1788255293394480625,100.835503,3,0.000,0.000,0.000,0.000,0.000,0.000,0.000,0,56300
1788255293394510736,100.835531,2,0.000,0.000,0.000,0.000,0.000,0.000,0.000,0,56816
1788255293596292646,101.037314,3,0.000,0.000,0.000,0.000,0.000,0.000,0.000,0,56300
1788255293596323211,101.037344,2,0.000,0.000,0.000,0.000,0.000,0.000,0.000,0,56816
1788255293798035698,101.239057,3,0.000,0.000,0.000,0.000,0.000,0.000,0.000,0,56300
1788255293798059295,101.239080,2,0.000,0.000,0.000,0.000,0.000,0.000,0.000,0,56816
1788255294000839300,101.441861,3,0.000,0.000,0.000,0.000,0.000,0.000,0.000,0,56300
1788255294000868768,101.441890,2,0.000,0.000,0.000,0.000,0.000,0.000,0.000,0,56816
1788255294202409096,101.643430,3,0.000,0.000,0.000,0.000,0.000,0.000,0.000,0,56300
1788255294202440801,101.643462,2,0.000,0.000,0.000,0.000,0.000,0.000,0.000,0,56816
1788255294403914487,101.844937,3,0.000,0.000,0.000,0.000,0.000,0.000,0.000,0,56300
1788255294403952368,101.844973,2,0.000,0.000,0.000,0.000,0.000,0.000,0.000,0,56816
1788255294605463193,102.046485,3,0.000,0.000,0.000,0.000,0.000,0.000,0.000,0,56300
1788255294605493200,102.046514,2,0.000,0.000,0.000,0.000,0.000,0.000,0.000,0,56816
1788255294806972630,102.247994,3,0.000,0.000,0.000,0.000,0.000,0.000,0.000,0,56300
1788255294807000499,102.248021,2,0.000,0.000,0.000,0.000,0.000,0.000,0.000,0,56816
1788255295008443801,102.449466,3,0.000,0.000,0.000,0.000,0.000,0.000,0.000,0,56300
1788255295008470038,102.449491,2,0.000,0.000,0.000,0.000,0.000,0.000,0.000,0,56816
1788255295209977489,102.650999,3,0.000,0.000,0.000,0.000,0.000,0.000,0.000,0,56300
1788255295210004444,102.651026,2,0.000,0.000,0.000,0.000,0.000,0.000,0.000,0,56816
1788255295411527897,102.852549,3,0.000,0.000,0.000,0.000,0.000,0.000,0.000,0,56300
1788255295411555633,102.852576,2,0.000,0.000,0.000,0.000,0.000,0.000,0.000,0,56816
1788255295613064137,103.054086,3,0.000,0.000,0.000,0.000,0.000,0.000,0.000,0,56300
1788255295613099228,103.054120,2,0.000,0.000,0.000,0.000,0.000,0.000,0.000,0,56816
1788255295814580046,103.255601,3,0.000,0.000,0.000,0.000,0.000,0.000,0.000,0,56300
1788255295814608675,103.255630,2,0.000,0.000,0.000,0.000,0.000,0.000,0.000,0,56816
1788255296016078222,103.457100,3,0.000,0.000,0.000,0.000,0.000,0.000,0.000,0,56300
1788255296016108234,103.457129,2,0.000,0.000,0.000,0.000,0.000,0.000,0.000,0,56816
1788255296217665734,103.658688,3,0.000,0.000,0.000,0.000,0.000,0.000,0.000,0,56300
1788255296217698788,103.658720,2,0.000,0.000,0.000,0.000,0.000,0.000,0.000,0,56816
1788255296419264032,103.860286,3,0.000,0.000,0.000,0.000,0.000,0.000,0.000,0,56300
1788255296419300526,103.860321,2,0.000,0.000,0.000,0.000,0.000,0.000,0.000,0,56816
1788255296621159491,104.062181,3,0.000,0.000,0.000,0.000,0.000,0.000,0.000,0,56300
1788255296621188185,104.062209,2,0.000,0.000,0.000,0.000,0.000,0.000,0.000,0,56816
1788255296823067021,104.264089,3,0.000,0.000,0.000,0.000,0.000,0.000,0.000,0,56300
1788255296823099657,104.264121,2,0.000,0.000,0.000,0.000,0.000,0.000,0.000,0,56816
1788255297024924561,104.465946,3,0.000,0.000,0.000,0.000,0.000,0.000,0.000,0,56300
1788255297024953599,104.465975,2,0.000,0.000,0.000,0.000,0.000,0.000,0.000,0,56816
1788255297226814892,104.667836,3,0.000,0.000,0.000,0.000,0.000,0.000,0.000,0,56300
1788255297226845873,104.667867,2,0.000,0.000,0.000,0.000,0.000,0.000,0.000,0,56816
1788255297428588701,104.869611,3,0.000,0.000,0.000,0.000,0.000,0.000,0.000,0,56300
1788255297428616326,104.869637,2,0.000,0.000,0.000,0.000,0.000,0.000,0.000,0,56816
1788255297630535021,105.071557,3,0.000,0.000,0.000,0.000,0.000,0.000,0.000,0,56300
1788255297630574707,105.071596,2,0.000,0.000,0.000,0.000,0.000,0.000,0.000,0,56816
1788255297832244385,105.273266,3,0.000,0.000,0.000,0.000,0.000,0.000,0.000,0,56300
1788255297832273518,105.273294,2,0.000,0.000,0.000,0.000,0.000,0.000,0.000,0,56816
1788255298033971064,105.474993,3,0.000,0.000,0.000,0.000,0.000,0.000,0.000,0,56300
1788255298034004425,105.475025,2,0.000,0.000,0.000,0.000,0.000,0.000,0.000,0,56816
1788255298235554441,105.676576,3,0.000,0.000,0.000,0.000,0.000,0.000,0.000,0,56300
1788255298235582780,105.676604,2,0.000,0.000,0.000,0.000,0.000,0.000,0.000,0,56816
1788255298437385651,105.878407,3,0.000,0.000,0.000,0.000,0.000,0.000,0.000,0,56300
1788255298437407155,105.878428,2,0.000,0.000,0.000,0.000,0.000,0.000,0.000,0,56816
1788255298638935491,106.079957,3,0.000,0.000,0.000,0.000,0.000,0.000,0.000,0,56300
1788255298638967803,106.079989,2,0.000,0.000,0.000,0.000,0.000,0.000,0.000,0,56816
1788255298840565480,106.281587,3,0.000,0.000,0.000,0.000,0.000,0.000,0.000,0,56300
1788255298840596809,106.281618,2,0.000,0.000,0.000,0.000,0.000,0.000,0.000,0,56816
1788255299042026821,106.483048,3,0.000,0.000,0.000,0.000,0.000,0.000,0.000,0,56300
1788255299042064120,106.483085,2,0.000,0.000,0.000,0.000,0.000,0.000,0.000,0,56816
1788255299243458024,106.684479,3,0.000,0.000,0.000,0.000,0.000,0.000,0.000,0,56300
1788255299243488514,106.684510,2,0.000,0.000,0.000,0.000,0.000,0.000,0.000,0,56816
1788255299444923327,106.885945,3,0.000,0.000,0.000,0.000,0.000,0.000,0.000,0,56300
1788255299444958378,106.885979,2,0.000,0.000,0.000,0.000,0.000,0.000,0.000,0,56816
1788255299646476942,107.087498,3,0.000,0.000,0.000,0.000,0.000,0.000,0.000,0,56300
1788255299646515832,107.087537,2,0.000,0.000,0.000,0.000,0.000,0.000,0.000,0,56816
1788255299847943797,107.288966,3,0.000,0.000,0.000,0.000,0.000,0.000,0.000,0,56300
1788255299847980143,107.289001,2,0.000,0.000,0.000,0.000,0.000,0.000,0.000,0,56816
1788255300049423206,107.490445,3,0.000,0.000,0.000,0.000,0.000,0.000,0.000,0,56300
1788255300049452611,107.490474,2,0.000,0.000,0.000,0.000,0.000,0.000,0.000,0,56816
1788255300250941737,107.691963,3,0.000,0.000,0.000,0.000,0.000,0.000,0.000,0,56300
1788255300250971503,107.691992,2,0.000,0.000,0.000,0.000,0.000,0.000,0.000,0,56816
1788255300452420165,107.893442,3,0.000,0.000,0.000,0.000,0.000,0.000,0.000,0,56300
1788255300452450055,107.893471,2,0.000,0.000,0.000,0.000,0.000,0.000,0.000,0,56816
1788255300653907702,108.094929,3,0.000,0.000,0.000,0.000,0.000,0.000,0.000,0,56300
1788255300653931533,108.094953,2,0.000,0.000,0.000,0.000,0.000,0.000,0.000,0,56816
1788255300855369890,108.296391,3,0.000,0.000,0.000,0.000,0.000,0.000,0.000,0,56300
1788255300855395011,108.296416,2,0.000,0.000,0.000,0.000,0.000,0.000,0.000,0,56816
1788255301056800624,108.497822,3,0.000,0.000,0.000,0.000,0.000,0.000,0.000,0,56300
1788255301056823999,108.497845,2,0.000,0.000,0.000,0.000,0.000,0.000,0.000,0,56816
1788255301258237012,108.699258,3,0.000,0.000,0.000,0.000,0.000,0.000,0.000,0,56300
1788255301258260078,108.699281,2,0.000,0.000,0.000,0.000,0.000,0.000,0.000,0,56816
1788255301459678277,108.900700,3,0.000,0.000,0.000,0.000,0.000,0.000,0.000,0,56300
1788255301459707578,108.900728,2,0.000,0.000,0.000,0.000,0.000,0.000,0.000,0,56816
1788255301661170376,109.102192,3,0.000,0.000,0.000,0.000,0.000,0.000,0.000,0,56300
1788255301661200024,109.102221,2,0.000,0.000,0.000,0.000,0.000,0.000,0.000,0,56816
1788255301862637822,109.303659,3,0.000,0.000,0.000,0.000,0.000,0.000,0.000,0,56300
1788255301862666882,109.303688,2,0.000,0.000,0.000,0.000,0.000,0.000,0.000,0,56816
1788255302064088735,109.505110,3,0.000,0.000,0.000,0.000,0.000,0.000,0.000,0,56300
1788255302064115331,109.505136,2,0.000,0.000,0.000,0.000,0.000,0.000,0.000,0,56816
1788255302265546968,109.706568,3,0.000,0.000,0.000,0.000,0.000,0.000,0.000,0,56300
1788255302265574363,109.706595,2,0.000,0.000,0.000,0.000,0.000,0.000,0.000,0,56816
1788255302466970453,109.907992,3,0.000,0.000,0.000,0.000,0.000,0.000,0.000,0,56300
1788255302467004174,109.908025,2,0.000,0.000,0.000,0.000,0.000,0.000,0.000,0,56816
1788255302681481238,110.122503,3,0.000,0.000,0.000,0.000,0.000,0.000,0.000,0,56300
1788255302681507184,110.122528,2,0.000,0.000,0.000,0.000,0.000,0.000,0.000,0,56816
1788255302879019310,110.320041,3,0.000,0.000,0.000,0.000,0.000,0.000,0.000,0,56300
1788255302879046606,110.320068,2,0.000,0.000,0.000,0.000,0.000,0.000,0.000,0,56816
1788255303080786922,110.521808,3,0.000,0.000,0.000,0.000,0.000,0.000,0.000,0,56300
1788255303080807070,110.521828,2,0.000,0.000,0.000,0.000,0.000,0.000,0.000,0,56816
1788255303282265719,110.723287,3,0.000,0.000,0.000,0.000,0.000,0.000,0.000,0,56300
1788255303282289839,110.723311,2,0.000,0.000,0.000,0.000,0.000,0.000,0.000,0,56816
1788255303484011160,110.925033,3,0.000,0.000,0.000,0.000,0.000,0.000,0.000,0,56300
1788255303484036887,110.925058,2,0.000,0.000,0.000,0.000,0.000,0.000,0.000,0,56816
1788255303685792034,111.126813,3,0.000,0.000,0.000,0.000,0.000,0.000,0.000,0,56300
1788255303685816069,111.126837,2,0.000,0.000,0.000,0.000,0.000,0.000,0.000,0,56816
1788255303887631789,111.328654,3,0.000,0.000,0.000,0.000,0.000,0.000,0.000,0,56300
1788255303887662778,111.328684,2,0.000,0.000,0.000,0.000,0.000,0.000,0.000,0,56816
1788255304089450043,111.530472,3,0.000,0.000,0.000,0.000,0.000,0.000,0.000,0,56300
1788255304089476268,111.530497,2,0.000,0.000,0.000,0.000,0.000,0.000,0.000,0,56816
1788255304291218363,111.732240,3,0.000,0.000,0.000,0.000,0.000,0.000,0.000,0,56300
1788255304291244603,111.732265,2,0.000,0.000,0.000,0.000,0.000,0.000,0.000,0,56816
1788255304493016930,111.934039,3,0.000,0.000,0.000,0.000,0.000,0.000,0.000,0,56300
1788255304493042570,111.934063,2,0.000,0.000,0.000,0.000,0.000,0.000,0.000,0,56816
1788255304694866425,112.135888,3,0.000,0.000,0.000,0.000,0.000,0.000,0.000,0,56300
1788255304694895358,112.135916,2,0.000,0.000,0.000,0.000,0.000,0.000,0.000,0,56816
1788255304896676727,112.337698,3,0.000,0.000,0.000,0.000,0.000,0.000,0.000,0,56300
1788255304896700570,112.337722,2,0.000,0.000,0.000,0.000,0.000,0.000,0.000,0,56816
1788255305098489368,112.539511,3,0.000,0.000,0.000,0.000,0.000,0.000,0.000,0,56300
1788255305098515302,112.539536,2,0.000,0.000,0.000,0.000,0.000,0.000,0.000,0,56816
1788255305300271713,112.741293,3,0.000,0.000,0.000,0.000,0.000,0.000,0.000,0,56300
1788255305300304915,112.741326,2,0.000,0.000,0.000,0.000,0.000,0.000,0.000,0,56816
1788255305502107503,112.943129,3,0.000,0.000,0.000,0.000,0.000,0.000,0.000,0,56300
1788255305502138150,112.943159,2,0.000,0.000,0.000,0.000,0.000,0.000,0.000,0,56816
1788255305703946231,113.144968,3,0.000,0.000,0.000,0.000,0.000,0.000,0.000,0,56300
1788255305703982357,113.145003,2,0.000,0.000,0.000,0.000,0.000,0.000,0.000,0,56816
1788255305905813168,113.346835,3,0.000,0.000,0.000,0.000,0.000,0.000,0.000,0,56300
1788255305905843974,113.346865,2,0.000,0.000,0.000,0.000,0.000,0.000,0.000,0,56816
1788255306107667327,113.548689,3,0.000,0.000,0.000,0.000,0.000,0.000,0.000,0,56300
1788255306107702477,113.548723,2,0.000,0.000,0.000,0.000,0.000,0.000,0.000,0,56816
1788255306309508295,113.750530,3,0.000,0.000,0.000,0.000,0.000,0.000,0.000,0,56300
1788255306309544446,113.750566,2,0.000,0.000,0.000,0.000,0.000,0.000,0.000,0,56816
1788255306511333113,113.952355,3,0.000,0.000,0.000,0.000,0.000,0.000,0.000,0,56300
1788255306511363077,113.952384,2,0.000,0.000,0.000,0.000,0.000,0.000,0.000,0,56816
1788255306713203149,114.154224,3,0.000,0.000,0.000,0.000,0.000,0.000,0.000,0,56300
1788255306713235546,114.154256,2,0.000,0.000,0.000,0.000,0.000,0.000,0.000,0,56816
1788255306915074593,114.356096,3,0.000,0.000,0.000,0.000,0.000,0.000,0.000,0,56300
1788255306915116342,114.356137,2,0.000,0.000,0.000,0.000,0.000,0.000,0.000,0,56816
1788255307116906974,114.557929,3,0.000,0.000,0.000,0.000,0.000,0.000,0.000,0,56300
1788255307116939675,114.557961,2,0.000,0.000,0.000,0.000,0.000,0.000,0.000,0,56816
1788255307318749321,114.759771,3,0.000,0.000,0.000,0.000,0.000,0.000,0.000,0,56300
1788255307318782902,114.759804,2,0.000,0.000,0.000,0.000,0.000,0.000,0.000,0,56816
1788255307520550972,114.961572,3,0.000,0.000,0.000,0.000,0.000,0.000,0.000,0,56300
1788255307520584207,114.961605,2,0.000,0.000,0.000,0.000,0.000,0.000,0.000,0,56816
1788255307722386347,115.163408,3,0.000,0.000,0.000,0.000,0.000,0.000,0.000,0,56300
1788255307722418375,115.163439,2,0.000,0.000,0.000,0.000,0.000,0.000,0.000,0,56816
1788255307924270217,115.365292,3,0.000,0.000,0.000,0.000,0.000,0.000,0.000,0,56300
1788255307924302806,115.365324,2,0.000,0.000,0.000,0.000,0.000,0.000,0.000,0,56816
1788255308126129455,115.567151,3,0.000,0.000,0.000,0.000,0.000,0.000,0.000,0,56300
1788255308126161858,115.567183,2,0.000,0.000,0.000,0.000,0.000,0.000,0.000,0,56816
1788255308327952450,115.768974,3,0.000,0.000,0.000,0.000,0.000,0.000,0.000,0,56300
1788255308327982793,115.769004,2,0.000,0.000,0.000,0.000,0.000,0.000,0.000,0,56816
1788255308529780487,115.970802,3,0.000,0.000,0.000,0.000,0.000,0.000,0.000,0,56300
1788255308529809196,115.970830,2,0.000,0.000,0.000,0.000,0.000,0.000,0.000,0,56816
1788255308731597603,116.172619,3,0.000,0.000,0.000,0.000,0.000,0.000,0.000,0,56300
1788255308731626722,116.172648,2,0.000,0.000,0.000,0.000,0.000,0.000,0.000,0,56816
1788255308933493583,116.374515,3,0.000,0.000,0.000,0.000,0.000,0.000,0.000,0,56300
1788255308933524799,116.374546,2,0.000,0.000,0.000,0.000,0.000,0.000,0.000,0,56816
1788255309135327451,116.576349,3,0.000,0.000,0.000,0.000,0.000,0.000,0.000,0,56300
1788255309135364104,116.576385,2,0.000,0.000,0.000,0.000,0.000,0.000,0.000,0,56816
1788255309337157421,116.778179,3,0.000,0.000,0.000,0.000,0.000,0.000,0.000,0,56300
1788255309337194365,116.778215,2,0.000,0.000,0.000,0.000,0.000,0.000,0.000,0,56816
1788255309539024480,116.980046,3,0.000,0.000,0.000,0.000,0.000,0.000,0.000,0,56300
1788255309539056372,116.980077,2,0.000,0.000,0.000,0.000,0.000,0.000,0.000,0,56816
1788255309740875949,117.181898,3,0.000,0.000,0.000,0.000,0.000,0.000,0.000,0,56300
1788255309740917970,117.181939,2,0.000,0.000,0.000,0.000,0.000,0.000,0.000,0,56816
1788255309942845105,117.383867,3,0.000,0.000,0.000,0.000,0.000,0.000,0.000,0,56300
1788255309942881009,117.383902,2,0.000,0.000,0.000,0.000,0.000,0.000,0.000,0,56816
1788255310146634393,117.587656,3,0.000,0.000,0.000,0.000,0.000,0.000,0.000,0,56300
1788255310146672493,117.587693,2,0.000,0.000,0.000,0.000,0.000,0.000,0.000,0,56816
1788255310348598784,117.789620,3,0.000,0.000,0.000,0.000,0.000,0.000,0.000,0,56300
1788255310348629552,117.789650,2,0.000,0.000,0.000,0.000,0.000,0.000,0.000,0,56816
1788255310550467865,117.991489,3,0.000,0.000,0.000,0.000,0.000,0.000,0.000,0,56300
1788255310550503352,117.991524,2,0.000,0.000,0.000,0.000,0.000,0.000,0.000,0,56816
1788255310752278838,118.193300,3,0.000,0.000,0.000,0.000,0.000,0.000,0.000,0,56300
1788255310752310721,118.193332,2,0.000,0.000,0.000,0.000,0.000,0.000,0.000,0,56816
1788255310954089917,118.395111,3,0.000,0.000,0.000,0.000,0.000,0.000,0.000,0,56300
1788255310954116682,118.395138,2,0.000,0.000,0.000,0.000,0.000,0.000,0.000,0,56816
1788255311155891474,118.596913,3,0.000,0.000,0.000,0.000,0.000,0.000,0.000,0,56300
1788255311155926966,118.596948,2,0.000,0.000,0.000,0.000,0.000,0.000,0.000,0,56816
1788255311357870775,118.798892,3,0.000,0.000,0.000,0.000,0.000,0.000,0.000,0,56300
1788255311357910574,118.798932,2,0.000,0.000,0.000,0.000,0.000,0.000,0.000,0,56816
1788255311559831293,119.000853,3,0.000,0.000,0.000,0.000,0.000,0.000,0.000,0,56300
1788255311559869348,119.000890,2,0.000,0.000,0.000,0.000,0.000,0.000,0.000,0,56816
1788255311761804729,119.202826,3,0.000,0.000,0.000,0.000,0.000,0.000,0.000,0,56300
1788255311761845555,119.202867,2,0.000,0.000,0.000,0.000,0.000,0.000,0.000,0,56816
1788255311963671932,119.404693,3,0.000,0.000,0.000,0.000,0.000,0.000,0.000,0,56300
1788255311963707687,119.404729,2,0.000,0.000,0.000,0.000,0.000,0.000,0.000,0,56816
1788255312165493230,119.606515,3,0.000,0.000,0.000,0.000,0.000,0.000,0.000,0,56300
1788255312165524855,119.606546,2,0.000,0.000,0.000,0.000,0.000,0.000,0.000,0,56816
1788255312367446531,119.808468,3,0.000,0.000,0.000,0.000,0.000,0.000,0.000,0,56300
1788255312367478141,119.808499,2,0.000,0.000,0.000,0.000,0.000,0.000,0.000,0,56816
1788255312569341742,120.010363,3,0.000,0.000,0.000,0.000,0.000,0.000,0.000,0,56300
1788255312569374684,120.010396,2,0.000,0.000,0.000,0.000,0.000,0.000,0.000,0,56816
1788255312771270528,120.212292,3,0.000,0.000,0.000,0.000,0.000,0.000,0.000,0,56300
1788255312771313152,120.212334,2,0.000,0.000,0.000,0.000,0.000,0.000,0.000,0,56816
1788255312973219265,120.414241,3,0.000,0.000,0.000,0.000,0.000,0.000,0.000,0,56300
1788255312973259700,120.414280,2,0.000,0.000,0.000,0.000,0.000,0.000,0.000,0,56816
1788255313175036455,120.616058,3,0.000,0.000,0.000,0.000,0.000,0.000,0.000,0,56300
1788255313175074486,120.616095,2,0.000,0.000,0.000,0.000,0.000,0.000,0.000,0,56816
1788255313376828136,120.817850,3,0.000,0.000,0.000,0.000,0.000,0.000,0.000,0,56300
1788255313376861045,120.817882,2,0.000,0.000,0.000,0.000,0.000,0.000,0.000,0,56816
1788255313578633994,121.019656,3,0.000,0.000,0.000,0.000,0.000,0.000,0.000,0,56300
1788255313578660053,121.019681,2,0.000,0.000,0.000,0.000,0.000,0.000,0.000,0,56816
1788255313780429417,121.221451,3,0.000,0.000,0.000,0.000,0.000,0.000,0.000,0,56300
1788255313780460485,121.221482,2,0.000,0.000,0.000,0.000,0.000,0.000,0.000,0,56816
1788255313982124423,121.423146,3,0.000,0.000,0.000,0.000,0.000,0.000,0.000,0,56300
1788255313982154521,121.423176,2,0.000,0.000,0.000,0.000,0.000,0.000,0.000,0,56816
1788255314184107430,121.625129,3,0.000,0.000,0.000,0.000,0.000,0.000,0.000,0,56300
1788255314184149117,121.625170,2,0.000,0.000,0.000,0.000,0.000,0.000,0.000,0,56816
1788255314386068459,121.827090,3,0.000,0.000,0.000,0.000,0.000,0.000,0.000,0,56300
1788255314386113344,121.827134,2,0.000,0.000,0.000,0.000,0.000,0.000,0.000,0,56816
1788255314588025726,122.029047,3,0.000,0.000,0.000,0.000,0.000,0.000,0.000,0,56300
1788255314588065380,122.029086,2,0.000,0.000,0.000,0.000,0.000,0.000,0.000,0,56816
1788255314789964764,122.230986,3,0.000,0.000,0.000,0.000,0.000,0.000,0.000,0,56300
1788255314790004014,122.231025,2,0.000,0.000,0.000,0.000,0.000,0.000,0.000,0,56816
1788255314991905262,122.432927,3,0.000,0.000,0.000,0.000,0.000,0.000,0.000,0,56300
1788255314991937911,122.432959,2,0.000,0.000,0.000,0.000,0.000,0.000,0.000,0,56816
1788255315193857395,122.634879,3,0.000,0.000,0.000,0.000,0.000,0.000,0.000,0,56300
1788255315193892723,122.634914,2,0.000,0.000,0.000,0.000,0.000,0.000,0.000,0,56816
1788255315395790302,122.836812,3,0.000,0.000,0.000,0.000,0.000,0.000,0.000,0,56300
1788255315395818259,122.836839,2,0.000,0.000,0.000,0.000,0.000,0.000,0.000,0,56816
1788255315597602420,123.038624,3,0.000,0.000,0.000,0.000,0.000,0.000,0.000,0,56300
1788255315597624117,123.038645,2,0.000,0.000,0.000,0.000,0.000,0.000,0.000,0,56816
1788255315799533428,123.240555,3,0.000,0.000,0.000,0.000,0.000,0.000,0.000,0,56300
1788255315799562755,123.240584,2,0.000,0.000,0.000,0.000,0.000,0.000,0.000,0,56816
1788255316001497804,123.442519,3,0.000,0.000,0.000,0.000,0.000,0.000,0.000,0,56300
1788255316001542370,123.442563,2,0.000,0.000,0.000,0.000,0.000,0.000,0.000,0,56816
1788255316203445347,123.644467,3,0.000,0.000,0.000,0.000,0.000,0.000,0.000,0,56300
1788255316203483479,123.644504,2,0.000,0.000,0.000,0.000,0.000,0.000,0.000,0,56816
1788255316405319477,123.846341,3,0.000,0.000,0.000,0.000,0.000,0.000,0.000,0,56300
1788255316405358443,123.846379,2,0.000,0.000,0.000,0.000,0.000,0.000,0.000,0,56816
1788255316607195250,124.048217,3,0.000,0.000,0.000,0.000,0.000,0.000,0.000,0,56300
1788255316607226481,124.048247,2,0.000,0.000,0.000,0.000,0.000,0.000,0.000,0,56816
1788255316809157969,124.250179,3,0.000,0.000,0.000,0.000,0.000,0.000,0.000,0,56300
1788255316809196817,124.250218,2,0.000,0.000,0.000,0.000,0.000,0.000,0.000,0,56816
1788255317011034730,124.452056,3,0.000,0.000,0.000,0.000,0.000,0.000,0.000,0,56300
1788255317011071720,124.452093,2,0.000,0.000,0.000,0.000,0.000,0.000,0.000,0,56816
1788255317212867175,124.653888,3,0.000,0.000,0.000,0.000,0.000,0.000,0.000,0,56300
1788255317212893205,124.653914,2,0.000,0.000,0.000,0.000,0.000,0.000,0.000,0,56816
1788255317414786226,124.855808,3,0.000,0.000,0.000,0.000,0.000,0.000,0.000,0,56300
1788255317414822914,124.855844,2,0.000,0.000,0.000,0.000,0.000,0.000,0.000,0,56816
1788255317624719650,125.065741,3,0.000,0.000,0.000,0.000,0.000,0.000,0.000,0,56300
1788255317624745935,125.065767,2,0.000,0.000,0.000,0.000,0.000,0.000,0.000,0,56816
1788255317823975590,125.264997,3,0.000,0.000,0.000,0.000,0.000,0.000,0.000,0,56300
1788255317824007585,125.265028,2,0.000,0.000,0.000,0.000,0.000,0.000,0.000,0,56816
1788255318025899957,125.466922,3,0.000,0.000,0.000,0.000,0.000,0.000,0.000,0,56300
1788255318025926944,125.466948,2,0.000,0.000,0.000,0.000,0.000,0.000,0.000,0,56816
1788255318227766488,125.668788,3,0.000,0.000,0.000,0.000,0.000,0.000,0.000,0,56300
1788255318227799184,125.668820,2,0.000,0.000,0.000,0.000,0.000,0.000,0.000,0,56816
1788255318429571346,125.870593,3,0.000,0.000,0.000,0.000,0.000,0.000,0.000,0,56300
1788255318429605722,125.870627,2,0.000,0.000,0.000,0.000,0.000,0.000,0.000,0,56816
1788255318631429253,126.072451,3,0.000,0.000,0.000,0.000,0.000,0.000,0.000,0,56300
1788255318631457563,126.072479,2,0.000,0.000,0.000,0.000,0.000,0.000,0.000,0,56816
1788255318833250022,126.274272,3,0.000,0.000,0.000,0.000,0.000,0.000,0.000,0,56300
1788255318833287547,126.274308,2,0.000,0.000,0.000,0.000,0.000,0.000,0.000,0,56816
1788255319035085922,126.476107,3,0.000,0.000,0.000,0.000,0.000,0.000,0.000,0,56300
1788255319035117505,126.476138,2,0.000,0.000,0.000,0.000,0.000,0.000,0.000,0,56816
1788255319236943778,126.677965,3,0.000,0.000,0.000,0.000,0.000,0.000,0.000,0,56300
1788255319236980468,126.678001,2,0.000,0.000,0.000,0.000,0.000,0.000,0.000,0,56816
1788255319438847135,126.879869,3,0.000,0.000,0.000,0.000,0.000,0.000,0.000,0,56300
1788255319438892047,126.879913,2,0.000,0.000,0.000,0.000,0.000,0.000,0.000,0,56816
1788255319640645511,127.081667,3,0.000,0.000,0.000,0.000,0.000,0.000,0.000,0,56300
1788255319640678209,127.081699,2,0.000,0.000,0.000,0.000,0.000,0.000,0.000,0,56816
1788255319842515879,127.283538,3,0.000,0.000,0.000,0.000,0.000,0.000,0.000,0,56300
1788255319842548237,127.283569,2,0.000,0.000,0.000,0.000,0.000,0.000,0.000,0,56816
1788255320044276187,127.485298,3,0.000,0.000,0.000,0.000,0.000,0.000,0.000,0,56300
1788255320044301404,127.485322,2,0.000,0.000,0.000,0.000,0.000,0.000,0.000,0,56816
1788255320246059199,127.687081,3,0.000,0.000,0.000,0.000,0.000,0.000,0.000,0,56300
1788255320246084665,127.687106,2,0.000,0.000,0.000,0.000,0.000,0.000,0.000,0,56816
1788255320447926043,127.888947,3,0.000,0.000,0.000,0.000,0.000,0.000,0.000,0,56300
1788255320447958393,127.888979,2,0.000,0.000,0.000,0.000,0.000,0.000,0.000,0,56816
1788255320649744320,128.090766,3,0.000,0.000,0.000,0.000,0.000,0.000,0.000,0,56300
1788255320649784561,128.090806,2,0.000,0.000,0.000,0.000,0.000,0.000,0.000,0,56816
1788255320851649107,128.292670,3,0.000,0.000,0.000,0.000,0.000,0.000,0.000,0,56300
1788255320851683269,128.292704,2,0.000,0.000,0.000,0.000,0.000,0.000,0.000,0,56816
1788255321053528138,128.494550,3,0.000,0.000,0.000,0.000,0.000,0.000,0.000,0,56300
1788255321053566538,128.494587,2,0.000,0.000,0.000,0.000,0.000,0.000,0.000,0,56816
1788255321255319031,128.696340,3,0.000,0.000,0.000,0.000,0.000,0.000,0.000,0,56300
1788255321255351761,128.696373,2,0.000,0.000,0.000,0.000,0.000,0.000,0.000,0,56816
1788255321457125530,128.898147,3,0.000,0.000,0.000,0.000,0.000,0.000,0.000,0,56300
1788255321457159988,128.898181,2,0.000,0.000,0.000,0.000,0.000,0.000,0.000,0,56816
1788255321658973837,129.099995,3,0.000,0.000,0.000,0.000,0.000,0.000,0.000,0,56300
1788255321659007634,129.100029,2,0.000,0.000,0.000,0.000,0.000,0.000,0.000,0,56816
1788255321862248731,129.303270,3,0.000,0.000,0.000,0.000,0.000,0.000,0.000,0,56300
1788255321862295146,129.303316,2,0.000,0.000,0.000,0.000,0.000,0.000,0.000,0,56816
1788255322064398751,129.505421,3,0.000,0.000,0.000,0.000,0.000,0.000,0.000,0,56300
1788255322064439674,129.505461,2,0.000,0.000,0.000,0.000,0.000,0.000,0.000,0,56816
1788255322266545387,129.707567,3,0.000,0.000,0.000,0.000,0.000,0.000,0.000,0,56300
1788255322266581687,129.707603,2,0.000,0.000,0.000,0.000,0.000,0.000,0.000,0,56816
1788255322468687510,129.909709,3,0.000,0.000,0.000,0.000,0.000,0.000,0.000,0,56300
1788255322468730128,129.909751,2,0.000,0.000,0.000,0.000,0.000,0.000,0.000,0,56816
1788255322670856718,130.111878,3,0.000,0.000,0.000,0.000,0.000,0.000,0.000,0,56300
1788255322670897419,130.111918,2,0.000,0.000,0.000,0.000,0.000,0.000,0.000,0,56816
1788255322873007303,130.314029,3,0.000,0.000,0.000,0.000,0.000,0.000,0.000,0,56300
1788255322873042648,130.314063,2,0.000,0.000,0.000,0.000,0.000,0.000,0.000,0,56816
1788255323075254240,130.516276,3,0.000,0.000,0.000,0.000,0.000,0.000,0.000,0,56300
1788255323075293673,130.516315,2,0.000,0.000,0.000,0.000,0.000,0.000,0.000,0,56816
1788255323277448124,130.718470,3,0.000,0.000,0.000,0.000,0.000,0.000,0.000,0,56300
1788255323277483170,130.718504,2,0.000,0.000,0.000,0.000,0.000,0.000,0.000,0,56816
1788255323479630694,130.920652,3,0.000,0.000,0.000,0.000,0.000,0.000,0.000,0,56300
1788255323479668916,130.920690,2,0.000,0.000,0.000,0.000,0.000,0.000,0.000,0,56816
1788255323681840744,131.122862,3,0.000,0.000,0.000,0.000,0.000,0.000,0.000,0,56300
1788255323681878652,131.122900,2,0.000,0.000,0.000,0.000,0.000,0.000,0.000,0,56816
1788255323884091519,131.325113,3,0.000,0.000,0.000,0.000,0.000,0.000,0.000,0,56300
1788255323884137037,131.325158,2,0.000,0.000,0.000,0.000,0.000,0.000,0.000,0,56816
1788255324086249475,131.527271,3,0.000,0.000,0.000,0.000,0.000,0.000,0.000,0,56300
1788255324086287716,131.527309,2,0.000,0.000,0.000,0.000,0.000,0.000,0.000,0,56816
1788255324288392306,131.729414,3,0.000,0.000,0.000,0.000,0.000,0.000,0.000,0,56300
1788255324288429202,131.729450,2,0.000,0.000,0.000,0.000,0.000,0.000,0.000,0,56816
1788255324490516221,131.931538,3,0.000,0.000,0.000,0.000,0.000,0.000,0.000,0,56300
1788255324490551287,131.931572,2,0.000,0.000,0.000,0.000,0.000,0.000,0.000,0,56816
1788255324692667291,132.133689,3,0.000,0.000,0.000,0.000,0.000,0.000,0.000,0,56300
1788255324692706700,132.133728,2,0.000,0.000,0.000,0.000,0.000,0.000,0.000,0,56816
1788255324894846082,132.335868,3,0.000,0.000,0.000,0.000,0.000,0.000,0.000,0,56300
1788255324894886339,132.335907,2,0.000,0.000,0.000,0.000,0.000,0.000,0.000,0,56816
1788255325096992317,132.538014,3,0.000,0.000,0.000,0.000,0.000,0.000,0.000,0,56300
1788255325097034036,132.538055,2,0.000,0.000,0.000,0.000,0.000,0.000,0.000,0,56816
1788255325299159310,132.740181,3,0.000,0.000,0.000,0.000,0.000,0.000,0.000,0,56300
1788255325299198378,132.740219,2,0.000,0.000,0.000,0.000,0.000,0.000,0.000,0,56816
1788255325501305039,132.942327,3,0.000,0.000,0.000,0.000,0.000,0.000,0.000,0,56300
1788255325501340667,132.942362,2,0.000,0.000,0.000,0.000,0.000,0.000,0.000,0,56816
1788255325703489973,133.144511,3,0.000,0.000,0.000,0.000,0.000,0.000,0.000,0,56300
1788255325703521847,133.144543,2,0.000,0.000,0.000,0.000,0.000,0.000,0.000,0,56816
1788255325905677192,133.346699,3,0.000,0.000,0.000,0.000,0.000,0.000,0.000,0,56300
1788255325905715360,133.346736,2,0.000,0.000,0.000,0.000,0.000,0.000,0.000,0,56816
1788255326107858392,133.548880,3,0.000,0.000,0.000,0.000,0.000,0.000,0.000,0,56300
1788255326107895891,133.548917,2,0.000,0.000,0.000,0.000,0.000,0.000,0.000,0,56816
1788255326310041032,133.751063,3,0.000,0.000,0.000,0.000,0.000,0.000,0.000,0,56300
1788255326310080864,133.751102,2,0.000,0.000,0.000,0.000,0.000,0.000,0.000,0,56816
1788255326512206645,133.953228,3,0.000,0.000,0.000,0.000,0.000,0.000,0.000,0,56300
1788255326512244966,133.953266,2,0.000,0.000,0.000,0.000,0.000,0.000,0.000,0,56816
1788255326714423420,134.155446,3,0.000,0.000,0.000,0.000,0.000,0.000,0.000,0,56300
1788255326714466534,134.155488,2,0.000,0.000,0.000,0.000,0.000,0.000,0.000,0,56816
1788255326916238899,134.357261,3,0.000,0.000,0.000,0.000,0.000,0.000,0.000,0,56300
1788255326916275231,134.357296,2,0.000,0.000,0.000,0.000,0.000,0.000,0.000,0,56816
1788255327118429121,134.559451,3,0.000,0.000,0.000,0.000,0.000,0.000,0.000,0,56300
1788255327118464941,134.559486,2,0.000,0.000,0.000,0.000,0.000,0.000,0.000,0,56816
1788255327320289518,134.761311,3,0.000,0.000,0.000,0.000,0.000,0.000,0.000,0,56300
1788255327320332144,134.761353,2,0.000,0.000,0.000,0.000,0.000,0.000,0.000,0,56816
1788255327522484402,134.963506,3,0.000,0.000,0.000,0.000,0.000,0.000,0.000,0,56300
1788255327522520275,134.963541,2,0.000,0.000,0.000,0.000,0.000,0.000,0.000,0,56816
1788255327724298106,135.165320,3,0.000,0.000,0.000,0.000,0.000,0.000,0.000,0,56300
1788255327724334305,135.165355,2,0.000,0.000,0.000,0.000,0.000,0.000,0.000,0,56816
1788255327926481240,135.367504,3,0.000,0.000,0.000,0.000,0.000,0.000,0.000,0,56300
1788255327926521669,135.367543,2,0.000,0.000,0.000,0.000,0.000,0.000,0.000,0,56816
1788255328128308022,135.569330,3,0.000,0.000,0.000,0.000,0.000,0.000,0.000,0,56300
1788255328128345802,135.569367,2,0.000,0.000,0.000,0.000,0.000,0.000,0.000,0,56816
1788255328330501263,135.771523,3,0.000,0.000,0.000,0.000,0.000,0.000,0.000,0,56300
1788255328330540421,135.771561,2,0.000,0.000,0.000,0.000,0.000,0.000,0.000,0,56816
1788255328532305375,135.973327,3,0.000,0.000,0.000,0.000,0.000,0.000,0.000,0,56300
1788255328532339504,135.973361,2,0.000,0.000,0.000,0.000,0.000,0.000,0.000,0,56816
1788255328734513362,136.175535,3,0.000,0.000,0.000,0.000,0.000,0.000,0.000,0,56300
1788255328734553530,136.175574,2,0.000,0.000,0.000,0.000,0.000,0.000,0.000,0,56816
1788255328936336007,136.377358,3,0.000,0.000,0.000,0.000,0.000,0.000,0.000,0,56300
1788255328936371057,136.377392,2,0.000,0.000,0.000,0.000,0.000,0.000,0.000,0,56816
1788255329138506765,136.579529,3,0.000,0.000,0.000,0.000,0.000,0.000,0.000,0,56300
1788255329138544747,136.579566,2,0.000,0.000,0.000,0.000,0.000,0.000,0.000,0,56816
1788255329340339734,136.781362,3,0.000,0.000,0.000,0.000,0.000,0.000,0.000,0,56300
1788255329340375526,136.781397,2,0.000,0.000,0.000,0.000,0.000,0.000,0.000,0,56816
1788255329542591862,136.983614,3,0.000,0.000,0.000,0.000,0.000,0.000,0.000,0,56300
1788255329542631549,136.983652,2,0.000,0.000,0.000,0.000,0.000,0.000,0.000,0,56816
1788255329744528134,137.185550,3,0.000,0.000,0.000,0.000,0.000,0.000,0.000,0,56300
1788255329744567012,137.185588,2,0.000,0.000,0.000,0.000,0.000,0.000,0.000,0,56816
1788255329946734773,137.387757,3,0.000,0.000,0.000,0.000,0.000,0.000,0.000,0,56300
1788255329946776377,137.387797,2,0.000,0.000,0.000,0.000,0.000,0.000,0.000,0,56816
1788255330148594975,137.589617,3,0.000,0.000,0.000,0.000,0.000,0.000,0.000,0,56300
1788255330148633814,137.589655,2,0.000,0.000,0.000,0.000,0.000,0.000,0.000,0,56816
1788255330350428832,137.791451,3,0.000,0.000,0.000,0.000,0.000,0.000,0.000,0,56300
1788255330350468226,137.791489,2,0.000,0.000,0.000,0.000,0.000,0.000,0.000,0,56816
1788255330552327859,137.993350,3,0.000,0.000,0.000,0.000,0.000,0.000,0.000,0,56300
1788255330552367166,137.993388,2,0.000,0.000,0.000,0.000,0.000,0.000,0.000,0,56816
1788255330754148709,138.195171,3,0.000,0.000,0.000,0.000,0.000,0.000,0.000,0,56300
1788255330754186682,138.195208,2,0.000,0.000,0.000,0.000,0.000,0.000,0.000,0,56816
1788255330956096414,138.397118,3,0.000,0.000,0.000,0.000,0.000,0.000,0.000,0,56300
1788255330956135396,138.397156,2,0.000,0.000,0.000,0.000,0.000,0.000,0.000,0,56816
1788255331157996960,138.599019,3,0.000,0.000,0.000,0.000,0.000,0.000,0.000,0,56300
1788255331158035437,138.599056,2,0.000,0.000,0.000,0.000,0.000,0.000,0.000,0,56816
1788255331359787660,138.800809,3,0.000,0.000,0.000,0.000,0.000,0.000,0.000,0,56300
1788255331359829575,138.800850,2,0.000,0.000,0.000,0.000,0.000,0.000,0.000,0,56816
1788255331561664560,139.002686,3,0.000,0.000,0.000,0.000,0.000,0.000,0.000,0,56300
1788255331561702957,139.002724,2,0.000,0.000,0.000,0.000,0.000,0.000,0.000,0,56816
1788255331763485404,139.204507,3,0.000,0.000,0.000,0.000,0.000,0.000,0.000,0,56300
1788255331763532976,139.204554,2,0.000,0.000,0.000,0.000,0.000,0.000,0.000,0,56816
1788255331965315401,139.406337,3,0.000,0.000,0.000,0.000,0.000,0.000,0.000,0,56300
1788255331965357439,139.406378,2,0.000,0.000,0.000,0.000,0.000,0.000,0.000,0,56816
1788255332167155724,139.608177,3,0.000,0.000,0.000,0.000,0.000,0.000,0.000,0,56300
1788255332167195862,139.608217,2,0.000,0.000,0.000,0.000,0.000,0.000,0.000,0,56816
1788255332368946864,139.809968,3,0.000,0.000,0.000,0.000,0.000,0.000,0.000,0,56300
1788255332368998671,139.810020,2,0.000,0.000,0.000,0.000,0.000,0.000,0.000,0,56816
1788255332570840866,140.011862,3,0.000,0.000,0.000,0.000,0.000,0.000,0.000,0,56300
1788255332570881254,140.011902,2,0.000,0.000,0.000,0.000,0.000,0.000,0.000,0,56816
1788255332772641435,140.213663,3,0.000,0.000,0.000,0.000,0.000,0.000,0.000,0,56300
1788255332772678215,140.213699,2,0.000,0.000,0.000,0.000,0.000,0.000,0.000,0,56816
1788255332974468955,140.415491,3,0.000,0.000,0.000,0.000,0.000,0.000,0.000,0,56300
1788255332974504434,140.415525,2,0.000,0.000,0.000,0.000,0.000,0.000,0.000,0,56816
1788255333176302549,140.617324,3,0.000,0.000,0.000,0.000,0.000,0.000,0.000,0,56300
1788255333176344786,140.617366,2,0.000,0.000,0.000,0.000,0.000,0.000,0.000,0,56816
1788255333378142901,140.819165,3,0.000,0.000,0.000,0.000,0.000,0.000,0.000,0,56300
1788255333378185576,140.819207,2,0.000,0.000,0.000,0.000,0.000,0.000,0.000,0,56816
1788255333579931279,141.020953,3,0.000,0.000,0.000,0.000,0.000,0.000,0.000,0,56300
1788255333579971053,141.020992,2,0.000,0.000,0.000,0.000,0.000,0.000,0.000,0,56816
1788255333781822027,141.222844,3,0.000,0.000,0.000,0.000,0.000,0.000,0.000,0,56300
1788255333781860814,141.222882,2,0.000,0.000,0.000,0.000,0.000,0.000,0.000,0,56816
1788255333983705232,141.424727,3,0.000,0.000,0.000,0.000,0.000,0.000,0.000,0,56300
1788255333983743697,141.424765,2,0.000,0.000,0.000,0.000,0.000,0.000,0.000,0,56816
1788255334185493762,141.626516,3,0.000,0.000,0.000,0.000,0.000,0.000,0.000,0,56300
1788255334185532558,141.626553,2,0.000,0.000,0.000,0.000,0.000,0.000,0.000,0,56816
1788255334387376575,141.828398,3,0.000,0.000,0.000,0.000,0.000,0.000,0.000,0,56300
1788255334387416881,141.828438,2,0.000,0.000,0.000,0.000,0.000,0.000,0.000,0,56816
1788255334589198795,142.030221,3,0.000,0.000,0.000,0.000,0.000,0.000,0.000,0,56300
1788255334589234196,142.030255,2,0.000,0.000,0.000,0.000,0.000,0.000,0.000,0,56816
1788255334791110151,142.232132,3,0.000,0.000,0.000,0.000,0.000,0.000,0.000,0,56300
1788255334791151078,142.232172,2,0.000,0.000,0.000,0.000,0.000,0.000,0.000,0,56816
1788255334992977188,142.433999,3,0.000,0.000,0.000,0.000,0.000,0.000,0.000,0,56300
1788255334993013146,142.434034,2,0.000,0.000,0.000,0.000,0.000,0.000,0.000,0,56816
1788255335194858212,142.635880,3,0.000,0.000,0.000,0.000,0.000,0.000,0.000,0,56300
1788255335194899977,142.635921,2,0.000,0.000,0.000,0.000,0.000,0.000,0.000,0,56816
1788255335396689924,142.837712,3,0.000,0.000,0.000,0.000,0.000,0.000,0.000,0,56300
1788255335396730847,142.837752,2,0.000,0.000,0.000,0.000,0.000,0.000,0.000,0,56816
1788255335598509848,143.039531,3,0.000,0.000,0.000,0.000,0.000,0.000,0.000,0,56300
1788255335598547463,143.039568,2,0.000,0.000,0.000,0.000,0.000,0.000,0.000,0,56816
1788255335800393055,143.241415,3,0.000,0.000,0.000,0.000,0.000,0.000,0.000,0,56300
1788255335800434280,143.241455,2,0.000,0.000,0.000,0.000,0.000,0.000,0.000,0,56816
1788255336002246861,143.443269,3,0.000,0.000,0.000,0.000,0.000,0.000,0.000,0,56300
1788255336002282124,143.443303,2,0.000,0.000,0.000,0.000,0.000,0.000,0.000,0,56816
1788255336204072501,143.645094,3,0.000,0.000,0.000,0.000,0.000,0.000,0.000,0,56300
1788255336204110051,143.645131,2,0.000,0.000,0.000,0.000,0.000,0.000,0.000,0,56816
1788255336405898420,143.846920,3,0.000,0.000,0.000,0.000,0.000,0.000,0.000,0,56300
1788255336405938846,143.846960,2,0.000,0.000,0.000,0.000,0.000,0.000,0.000,0,56816
1788255336607737373,144.048759,3,0.000,0.000,0.000,0.000,0.000,0.000,0.000,0,56300
1788255336607776220,144.048797,2,0.000,0.000,0.000,0.000,0.000,0.000,0.000,0,56816
1788255336809580611,144.250602,3,0.000,0.000,0.000,0.000,0.000,0.000,0.000,0,56300
1788255336809620418,144.250641,2,0.000,0.000,0.000,0.000,0.000,0.000,0.000,0,56816
1788255337011400312,144.452422,3,0.000,0.000,0.000,0.000,0.000,0.000,0.000,0,56300
1788255337011436358,144.452457,2,0.000,0.000,0.000,0.000,0.000,0.000,0.000,0,56816
1788255337213255401,144.654277,3,0.000,0.000,0.000,0.000,0.000,0.000,0.000,0,56300
1788255337213293676,144.654315,2,0.000,0.000,0.000,0.000,0.000,0.000,0.000,0,56816
1788255337415133911,144.856156,3,0.000,0.000,0.000,0.000,0.000,0.000,0.000,0,56300
1788255337415174626,144.856196,2,0.000,0.000,0.000,0.000,0.000,0.000,0.000,0,56816
1788255337616969023,145.057991,3,0.000,0.000,0.000,0.000,0.000,0.000,0.000,0,56300
1788255337617012761,145.058034,2,0.000,0.000,0.000,0.000,0.000,0.000,0.000,0,56816
1788255337818774730,145.259797,3,0.000,0.000,0.000,0.000,0.000,0.000,0.000,0,56300
1788255337818814744,145.259836,2,0.000,0.000,0.000,0.000,0.000,0.000,0.000,0,56816
1788255338020590458,145.461612,3,0.000,0.000,0.000,0.000,0.000,0.000,0.000,0,56300
1788255338020628482,145.461649,2,0.000,0.000,0.000,0.000,0.000,0.000,0.000,0,56816
1788255338222380767,145.663403,3,0.000,0.000,0.000,0.000,0.000,0.000,0.000,0,56300
1788255338222418550,145.663440,2,0.000,0.000,0.000,0.000,0.000,0.000,0.000,0,56816
1788255338424204345,145.865226,3,0.000,0.000,0.000,0.000,0.000,0.000,0.000,0,56300
1788255338424247171,145.865268,2,0.000,0.000,0.000,0.000,0.000,0.000,0.000,0,56816
1788255338626022229,146.067044,3,0.000,0.000,0.000,0.000,0.000,0.000,0.000,0,56300
1788255338626060846,146.067082,2,0.000,0.000,0.000,0.000,0.000,0.000,0.000,0,56816
1788255338827820259,146.268842,3,0.000,0.000,0.000,0.000,0.000,0.000,0.000,0,56300
1788255338827853441,146.268874,2,0.000,0.000,0.000,0.000,0.000,0.000,0.000,0,56816
1788255339029686316,146.470708,3,0.000,0.000,0.000,0.000,0.000,0.000,0.000,0,56300
1788255339029726432,146.470747,2,0.000,0.000,0.000,0.000,0.000,0.000,0.000,0,56816
1788255339231519711,146.672542,3,0.000,0.000,0.000,0.000,0.000,0.000,0.000,0,56300
1788255339231560608,146.672581,2,0.000,0.000,0.000,0.000,0.000,0.000,0.000,0,56816
1788255339433399808,146.874422,3,0.000,0.000,0.000,0.000,0.000,0.000,0.000,0,56300
1788255339433438540,146.874460,2,0.000,0.000,0.000,0.000,0.000,0.000,0.000,0,56816
1788255339635296341,147.076318,3,0.000,0.000,0.000,0.000,0.000,0.000,0.000,0,56300
1788255339635342559,147.076364,2,0.000,0.000,0.000,0.000,0.000,0.000,0.000,0,56816
1788255339837097238,147.278119,3,0.000,0.000,0.000,0.000,0.000,0.000,0.000,0,56300
1788255339837133518,147.278154,2,0.000,0.000,0.000,0.000,0.000,0.000,0.000,0,56816
1788255340039009535,147.480031,3,0.000,0.000,0.000,0.000,0.000,0.000,0.000,0,56300
1788255340039050878,147.480072,2,0.000,0.000,0.000,0.000,0.000,0.000,0.000,0,56816
1788255340240904003,147.681926,3,0.000,0.000,0.000,0.000,0.000,0.000,0.000,0,56300
1788255340240943669,147.681965,2,0.000,0.000,0.000,0.000,0.000,0.000,0.000,0,56816
1788255340442680234,147.883702,3,0.000,0.000,0.000,0.000,0.000,0.000,0.000,0,56300
1788255340442721657,147.883743,2,0.000,0.000,0.000,0.000,0.000,0.000,0.000,0,56816
1788255340644521810,148.085543,3,0.000,0.000,0.000,0.000,0.000,0.000,0.000,0,56300
1788255340644560361,148.085581,2,0.000,0.000,0.000,0.000,0.000,0.000,0.000,0,56816
1788255340846483814,148.287505,3,0.000,0.000,0.000,0.000,0.000,0.000,0.000,0,56300
1788255340846523598,148.287545,2,0.000,0.000,0.000,0.000,0.000,0.000,0.000,0,56816
1788255341048356967,148.489379,3,0.000,0.000,0.000,0.000,0.000,0.000,0.000,0,56300
1788255341048401688,148.489423,2,0.000,0.000,0.000,0.000,0.000,0.000,0.000,0,56816
1788255341250246457,148.691268,3,0.000,0.000,0.000,0.000,0.000,0.000,0.000,0,56300
1788255341250285959,148.691307,2,0.000,0.000,0.000,0.000,0.000,0.000,0.000,0,56816
1788255341452081757,148.893103,3,0.000,0.000,0.000,0.000,0.000,0.000,0.000,0,56300
1788255341452122570,148.893143,2,0.000,0.000,0.000,0.000,0.000,0.000,0.000,0,56816
1788255341653917597,149.094939,3,0.000,0.000,0.000,0.000,0.000,0.000,0.000,0,56300
1788255341653957279,149.094978,2,0.000,0.000,0.000,0.000,0.000,0.000,0.000,0,56816
1788255341855751242,149.296773,3,0.000,0.000,0.000,0.000,0.000,0.000,0.000,0,56300
1788255341855792239,149.296813,2,0.000,0.000,0.000,0.000,0.000,0.000,0.000,0,56816
1788255342057607269,149.498629,3,0.000,0.000,0.000,0.000,0.000,0.000,0.000,0,56300
1788255342057645441,149.498666,2,0.000,0.000,0.000,0.000,0.000,0.000,0.000,0,56816
1788255342259445112,149.700467,3,0.000,0.000,0.000,0.000,0.000,0.000,0.000,0,56300
1788255342259480506,149.700501,2,0.000,0.000,0.000,0.000,0.000,0.000,0.000,0,56816
1788255342461270683,149.902292,3,0.000,0.000,0.000,0.000,0.000,0.000,0.000,0,56300
1788255342461310497,149.902331,2,0.000,0.000,0.000,0.000,0.000,0.000,0.000,0,56816
1788255342663073245,150.104095,3,0.000,0.000,0.000,0.000,0.000,0.000,0.000,0,56300
1788255342663107956,150.104129,2,0.000,0.000,0.000,0.000,0.000,0.000,0.000,0,56816
1788255342864933802,150.305955,3,0.000,0.000,0.000,0.000,0.000,0.000,0.000,0,56300
1788255342864968977,150.305990,2,0.000,0.000,0.000,0.000,0.000,0.000,0.000,0,56816
1788255343066768242,150.507790,3,0.000,0.000,0.000,0.000,0.000,0.000,0.000,0,56300
1788255343066803216,150.507824,2,0.000,0.000,0.000,0.000,0.000,0.000,0.000,0,56816
1788255343268593030,150.709615,3,0.000,0.000,0.000,0.000,0.000,0.000,0.000,0,56300
1788255343268631289,150.709652,2,0.000,0.000,0.000,0.000,0.000,0.000,0.000,0,56816
1788255343470406857,150.911428,3,0.000,0.000,0.000,0.000,0.000,0.000,0.000,0,56300
1788255343470445543,150.911467,2,0.000,0.000,0.000,0.000,0.000,0.000,0.000,0,56816
1788255343672245906,151.113268,3,0.000,0.000,0.000,0.000,0.000,0.000,0.000,0,56300
1788255343672284952,151.113306,2,0.000,0.000,0.000,0.000,0.000,0.000,0.000,0,56816
1788255343874136962,151.315159,3,0.000,0.000,0.000,0.000,0.000,0.000,0.000,0,56300
1788255343874179062,151.315200,2,0.000,0.000,0.000,0.000,0.000,0.000,0.000,0,56816
1788255344076005074,151.517027,3,0.000,0.000,0.000,0.000,0.000,0.000,0.000,0,56300
1788255344076038310,151.517059,2,0.000,0.000,0.000,0.000,0.000,0.000,0.000,0,56816
1788255344277862265,151.718884,3,0.000,0.000,0.000,0.000,0.000,0.000,0.000,0,56300
1788255344277901689,151.718923,2,0.000,0.000,0.000,0.000,0.000,0.000,0.000,0,56816
1788255344479689327,151.920711,3,0.000,0.000,0.000,0.000,0.000,0.000,0.000,0,56300
1788255344479730404,151.920751,2,0.000,0.000,0.000,0.000,0.000,0.000,0.000,0,56816
1788255344681531565,152.122553,3,0.000,0.000,0.000,0.000,0.000,0.000,0.000,0,56300
1788255344681571743,152.122592,2,0.000,0.000,0.000,0.000,0.000,0.000,0.000,0,56816
1788255344883394182,152.324416,3,0.000,0.000,0.000,0.000,0.000,0.000,0.000,0,56300
1788255344883432385,152.324453,2,0.000,0.000,0.000,0.000,0.000,0.000,0.000,0,56816
1788255345085203397,152.526225,3,0.000,0.000,0.000,0.000,0.000,0.000,0.000,0,56300
1788255345085250091,152.526271,2,0.000,0.000,0.000,0.000,0.000,0.000,0.000,0,56816
1788255345287046406,152.728068,3,0.000,0.000,0.000,0.000,0.000,0.000,0.000,0,56300
1788255345287088815,152.728110,2,0.000,0.000,0.000,0.000,0.000,0.000,0.000,0,56816
1788255345488839369,152.929861,3,0.000,0.000,0.000,0.000,0.000,0.000,0.000,0,56300
1788255345488879660,152.929901,2,0.000,0.000,0.000,0.000,0.000,0.000,0.000,0,56816
1788255345690717075,153.131739,3,0.000,0.000,0.000,0.000,0.000,0.000,0.000,0,56300
1788255345690756416,153.131777,2,0.000,0.000,0.000,0.000,0.000,0.000,0.000,0,56816
1788255345892505983,153.333528,3,0.000,0.000,0.000,0.000,0.000,0.000,0.000,0,56300
1788255345892540182,153.333561,2,0.000,0.000,0.000,0.000,0.000,0.000,0.000,0,56816
1788255346094303655,153.535325,3,0.000,0.000,0.000,0.000,0.000,0.000,0.000,0,56300
1788255346094342217,153.535363,2,0.000,0.000,0.000,0.000,0.000,0.000,0.000,0,56816
1788255346296104969,153.737126,3,0.000,0.000,0.000,0.000,0.000,0.000,0.000,0,56300
1788255346296141764,153.737163,2,0.000,0.000,0.000,0.000,0.000,0.000,0.000,0,56816
1788255346497961346,153.938983,3,0.000,0.000,0.000,0.000,0.000,0.000,0.000,0,56300
1788255346498003220,153.939024,2,0.000,0.000,0.000,0.000,0.000,0.000,0.000,0,56816
1788255346699805417,154.140827,3,0.000,0.000,0.000,0.000,0.000,0.000,0.000,0,56300
1788255346699846364,154.140867,2,0.000,0.000,0.000,0.000,0.000,0.000,0.000,0,56816
1788255346901619728,154.342641,3,0.000,0.000,0.000,0.000,0.000,0.000,0.000,0,56300
1788255346901653243,154.342674,2,0.000,0.000,0.000,0.000,0.000,0.000,0.000,0,56816
1788255347103424337,154.544446,3,0.000,0.000,0.000,0.000,0.000,0.000,0.000,0,56300
1788255347103461693,154.544483,2,0.000,0.000,0.000,0.000,0.000,0.000,0.000,0,56816
1788255347305275308,154.746297,3,0.000,0.000,0.000,0.000,0.000,0.000,0.000,0,56300
1788255347305320496,154.746341,2,0.000,0.000,0.000,0.000,0.000,0.000,0.000,0,56816
1788255347507184954,154.948207,3,0.000,0.000,0.000,0.000,0.000,0.000,0.000,0,56300
1788255347507223293,154.948244,2,0.000,0.000,0.000,0.000,0.000,0.000,0.000,0,56816
1788255347709036859,155.150059,3,0.000,0.000,0.000,0.000,0.000,0.000,0.000,0,56300
1788255347709072474,155.150093,2,0.000,0.000,0.000,0.000,0.000,0.000,0.000,0,56816
1788255347910833109,155.351854,3,0.000,0.000,0.000,0.000,0.000,0.000,0.000,0,56300
1788255347910858559,155.351880,2,0.000,0.000,0.000,0.000,0.000,0.000,0.000,0,56816
1788255348112742511,155.553765,3,0.000,0.000,0.000,0.000,0.000,0.000,0.000,0,56300
1788255348112781383,155.553802,2,0.000,0.000,0.000,0.000,0.000,0.000,0.000,0,56816
1788255348314517082,155.755539,3,0.000,0.000,0.000,0.000,0.000,0.000,0.000,0,56300
1788255348314552600,155.755574,2,0.000,0.000,0.000,0.000,0.000,0.000,0.000,0,56816
1788255348516372539,155.957394,3,0.000,0.000,0.000,0.000,0.000,0.000,0.000,0,56300
1788255348516409238,155.957430,2,0.000,0.000,0.000,0.000,0.000,0.000,0.000,0,56816
1788255348718229390,156.159251,3,0.000,0.000,0.000,0.000,0.000,0.000,0.000,0,56300
1788255348718270857,156.159292,2,0.000,0.000,0.000,0.000,0.000,0.000,0.000,0,56816
1788255348920073594,156.361095,3,0.000,0.000,0.000,0.000,0.000,0.000,0.000,0,56300
1788255348920113318,156.361134,2,0.000,0.000,0.000,0.000,0.000,0.000,0.000,0,56816
1788255349121966554,156.562989,3,0.000,0.000,0.000,0.000,0.000,0.000,0.000,0,56300
1788255349122005092,156.563026,2,0.000,0.000,0.000,0.000,0.000,0.000,0.000,0,56816
1788255349323793954,156.764816,3,0.000,0.000,0.000,0.000,0.000,0.000,0.000,0,56300
1788255349323833597,156.764855,2,0.000,0.000,0.000,0.000,0.000,0.000,0.000,0,56816
1788255349525633218,156.966655,3,0.000,0.000,0.000,0.000,0.000,0.000,0.000,0,56300
1788255349525672916,156.966694,2,0.000,0.000,0.000,0.000,0.000,0.000,0.000,0,56816
1788255349727507231,157.168529,3,0.000,0.000,0.000,0.000,0.000,0.000,0.000,0,56300
1788255349727549183,157.168570,2,0.000,0.000,0.000,0.000,0.000,0.000,0.000,0,56816
1788255349929394955,157.370417,3,0.000,0.000,0.000,0.000,0.000,0.000,0.000,0,56300
1788255349929434687,157.370456,2,0.000,0.000,0.000,0.000,0.000,0.000,0.000,0,56816
1788255350131266518,157.572288,3,0.000,0.000,0.000,0.000,0.000,0.000,0.000,0,56300
1788255350131307880,157.572329,2,0.000,0.000,0.000,0.000,0.000,0.000,0.000,0,56816
1788255350333053523,157.774075,3,0.000,0.000,0.000,0.000,0.000,0.000,0.000,0,56300
1788255350333093347,157.774114,2,0.000,0.000,0.000,0.000,0.000,0.000,0.000,0,56816
1788255350534853805,157.975875,3,0.000,0.000,0.000,0.000,0.000,0.000,0.000,0,56300
1788255350534887527,157.975909,2,0.000,0.000,0.000,0.000,0.000,0.000,0.000,0,56816
1788255350736690004,158.177712,3,0.000,0.000,0.000,0.000,0.000,0.000,0.000,0,56300
1788255350736736129,158.177757,2,0.000,0.000,0.000,0.000,0.000,0.000,0.000,0,56816
1788255350938481845,158.379503,3,0.000,0.000,0.000,0.000,0.000,0.000,0.000,0,56300
1788255350938504210,158.379525,2,0.000,0.000,0.000,0.000,0.000,0.000,0.000,0,56816
1788255351140310602,158.581332,3,0.000,0.000,0.000,0.000,0.000,0.000,0.000,0,56300
1788255351140345527,158.581366,2,0.000,0.000,0.000,0.000,0.000,0.000,0.000,0,56816
1788255351342206120,158.783228,3,0.000,0.000,0.000,0.000,0.000,0.000,0.000,0,56300
1788255351342243977,158.783265,2,0.000,0.000,0.000,0.000,0.000,0.000,0.000,0,56816
1788255351544039906,158.985062,3,0.000,0.000,0.000,0.000,0.000,0.000,0.000,0,56300
1788255351544079126,158.985100,2,0.000,0.000,0.000,0.000,0.000,0.000,0.000,0,56816
1788255351745895797,159.186918,3,0.000,0.000,0.000,0.000,0.000,0.000,0.000,0,56300
1788255351745933700,159.186954,2,0.000,0.000,0.000,0.000,0.000,0.000,0.000,0,56816
1788255351947729005,159.388751,3,0.000,0.000,0.000,0.000,0.000,0.000,0.000,0,56300
1788255351947776231,159.388797,2,0.000,0.000,0.000,0.000,0.000,0.000,0.000,0,56816
1788255352149650917,159.590673,3,0.000,0.000,0.000,0.000,0.000,0.000,0.000,0,56300
1788255352149694725,159.590716,2,0.000,0.000,0.000,0.000,0.000,0.000,0.000,0,56816
1788255352351560708,159.792583,3,0.000,0.000,0.000,0.000,0.000,0.000,0.000,0,56300
1788255352351603180,159.792624,2,0.000,0.000,0.000,0.000,0.000,0.000,0.000,0,56816
1788255352553364930,159.994387,3,0.000,0.000,0.000,0.000,0.000,0.000,0.000,0,56300
1788255352553402789,159.994424,2,0.000,0.000,0.000,0.000,0.000,0.000,0.000,0,56816
1788255352755197273,160.196219,3,0.000,0.000,0.000,0.000,0.000,0.000,0.000,0,56300
1788255352755234549,160.196255,2,0.000,0.000,0.000,0.000,0.000,0.000,0.000,0,56816
1788255352956995290,160.398018,3,0.000,0.000,0.000,0.000,0.000,0.000,0.000,0,56300
1788255352957032770,160.398054,2,0.000,0.000,0.000,0.000,0.000,0.000,0.000,0,56816
1788255353158853955,160.599875,3,0.000,0.000,0.000,0.000,0.000,0.000,0.000,0,56300
1788255353158892360,160.599913,2,0.000,0.000,0.000,0.000,0.000,0.000,0.000,0,56816
1788255353360642073,160.801664,3,0.000,0.000,0.000,0.000,0.000,0.000,0.000,0,56300
1788255353360681263,160.801702,2,0.000,0.000,0.000,0.000,0.000,0.000,0.000,0,56816
1788255353562434251,161.003456,3,0.000,0.000,0.000,0.000,0.000,0.000,0.000,0,56300
1788255353562469591,161.003490,2,0.000,0.000,0.000,0.000,0.000,0.000,0.000,0,56816
1788255353764204578,161.205226,3,0.000,0.000,0.000,0.000,0.000,0.000,0.000,0,56300
1788255353764241577,161.205262,2,0.000,0.000,0.000,0.000,0.000,0.000,0.000,0,56816
1788255353966039883,161.407062,3,0.000,0.000,0.000,0.000,0.000,0.000,0.000,0,56300
1788255353966076519,161.407097,2,0.000,0.000,0.000,0.000,0.000,0.000,0.000,0,56816
1788255354167925748,161.608948,3,0.000,0.000,0.000,0.000,0.000,0.000,0.000,0,56300
1788255354167966213,161.608987,2,0.000,0.000,0.000,0.000,0.000,0.000,0.000,0,56816
1788255354369759867,161.810781,3,0.000,0.000,0.000,0.000,0.000,0.000,0.000,0,56300
1788255354369798537,161.810819,2,0.000,0.000,0.000,0.000,0.000,0.000,0.000,0,56816
1788255354571619594,162.012641,3,0.000,0.000,0.000,0.000,0.000,0.000,0.000,0,56300
1788255354571665575,162.012687,2,0.000,0.000,0.000,0.000,0.000,0.000,0.000,0,56816
1788255354773511378,162.214533,3,0.000,0.000,0.000,0.000,0.000,0.000,0.000,0,56300
1788255354773551751,162.214573,2,0.000,0.000,0.000,0.000,0.000,0.000,0.000,0,56816
1788255354975429760,162.416452,3,0.000,0.000,0.000,0.000,0.000,0.000,0.000,0,56300
1788255354975472265,162.416493,2,0.000,0.000,0.000,0.000,0.000,0.000,0.000,0,56816
1788255355177270098,162.618292,3,0.000,0.000,0.000,0.000,0.000,0.000,0.000,0,56300
1788255355177312670,162.618334,2,0.000,0.000,0.000,0.000,0.000,0.000,0.000,0,56816
1788255355379132642,162.820154,3,0.000,0.000,0.000,0.000,0.000,0.000,0.000,0,56300
1788255355379173467,162.820194,2,0.000,0.000,0.000,0.000,0.000,0.000,0.000,0,56816
1788255355580995772,163.022017,3,0.000,0.000,0.000,0.000,0.000,0.000,0.000,0,56300
1788255355581036140,163.022057,2,0.000,0.000,0.000,0.000,0.000,0.000,0.000,0,56816
1788255355782803645,163.223825,3,0.000,0.000,0.000,0.000,0.000,0.000,0.000,0,56300
1788255355782847253,163.223868,2,0.000,0.000,0.000,0.000,0.000,0.000,0.000,0,56816
1788255355984681433,163.425703,3,0.000,0.000,0.000,0.000,0.000,0.000,0.000,0,56300
1788255355984722948,163.425744,2,0.000,0.000,0.000,0.000,0.000,0.000,0.000,0,56816
1788255356186500294,163.627522,3,0.000,0.000,0.000,0.000,0.000,0.000,0.000,0,56300
1788255356186540912,163.627562,2,0.000,0.000,0.000,0.000,0.000,0.000,0.000,0,56816
1788255356388335368,163.829357,3,0.000,0.000,0.000,0.000,0.000,0.000,0.000,0,56300
1788255356388377106,163.829398,2,0.000,0.000,0.000,0.000,0.000,0.000,0.000,0,56816
1788255356590160290,164.031182,3,0.000,0.000,0.000,0.000,0.000,0.000,0.000,0,56300
1788255356590199906,164.031221,2,0.000,0.000,0.000,0.000,0.000,0.000,0.000,0,56816
1788255356791936365,164.232958,3,0.000,0.000,0.000,0.000,0.000,0.000,0.000,0,56300
1788255356791968048,164.232989,2,0.000,0.000,0.000,0.000,0.000,0.000,0.000,0,56816
1788255356993852989,164.434875,3,0.000,0.000,0.000,0.000,0.000,0.000,0.000,0,56300
1788255356993891237,164.434912,2,0.000,0.000,0.000,0.000,0.000,0.000,0.000,0,56816
1788255357195680326,164.636702,3,0.000,0.000,0.000,0.000,0.000,0.000,0.000,0,56300
1788255357195729167,164.636750,2,0.000,0.000,0.000,0.000,0.000,0.000,0.000,0,56816
1788255357397488549,164.838511,3,0.000,0.000,0.000,0.000,0.000,0.000,0.000,0,56300
1788255357397525918,164.838547,2,0.000,0.000,0.000,0.000,0.000,0.000,0.000,0,56816
1788255357599319402,165.040341,3,0.000,0.000,0.000,0.000,0.000,0.000,0.000,0,56300
1788255357599358228,165.040379,2,0.000,0.000,0.000,0.000,0.000,0.000,0.000,0,56816
1788255357801189210,165.242211,3,0.000,0.000,0.000,0.000,0.000,0.000,0.000,0,56300
1788255357801231518,165.242252,2,0.000,0.000,0.000,0.000,0.000,0.000,0.000,0,56816
